t,x,y,yaw,speed_measured,x_ref,y_ref,speed_ref,path_index,progress,path_dist_m,path_remaining_m,cte,heading_error,steering_cmd,speed_cmd,compute_time_ms,did_compute,controller_success
0.03500000000000003,33.399959652165336,-92.89995495301132,-0.8079670435648771,0.011706396690725578,34.611618,-93.961363,5.0,0,0.0,0.0,1307.2218692805643,1.610748147816102,0.08882334619912546,0.12830729495,5.0,36.059154997929,True,True
0.08500000000000002,33.40000557101724,-92.9000055845415,-0.8079662747165754,8.662880746086098e-05,34.611618,-93.961363,5.0,0,0.0,0.0,1307.2218692805643,1.610808180414344,0.08882438976400264,0.12159874389,5.0,35.38598599698162,True,True
0.133,33.39972507685059,-92.89971764624269,-0.8079575934203831,-0.011808938427046063,34.611618,-93.961363,5.0,0,0.0,0.0,1307.2218692805643,1.6108386403995703,0.0888079713560499,0.1164045479,5.0,33.26561400172068,True,True
0.185,33.399371144286654,-92.8993777082347,-0.8079630762214567,-0.014640844022850836,34.611618,-93.961363,5.0,0,0.0,0.0,1307.2218692805643,1.6111409976579034,0.08881493961950859,0.11214182981,5.0,35.18481100036297,True,True
0.23600000000000004,33.39843485116387,-92.8984255733113,-0.8079579440425455,-0.020486186728605325,34.611618,-93.961363,5.0,0,0.0,0.0,1307.2218692805643,1.6122464512499095,0.08881031228779968,0.10868742738,5.0,36.271762000978924,True,True
0.283,33.39787237974828,-92.89783954863474,-0.8079527543838816,-0.023207426515430712,34.611618,-93.961363,5.0,0,0.0,0.0,1307.2218692805643,1.6129629027586327,0.08881529024167101,0.10586503314,5.0,33.82305600098334,True,True
0.332,33.396557966139866,-92.89646984886792,-0.8079518787782272,-0.028446652794293648,34.611618,-93.961363,5.0,0,0.0,0.0,1307.2218692805643,1.6146730429371763,0.08881198583020655,0.10360116566,5.0,32.78384399891365,True,True
0.38300000000000006,33.395808571796216,-92.89568856023915,-0.8079520135683884,-0.030993667278854546,34.611618,-93.961363,5.0,0,0.0,0.0,1307.2218692805643,1.615663426958785,0.08880922497735266,0.10174325778,5.0,33.05149399966467,True,True
0.432,33.39413077402635,-92.89393869263085,-0.8079498156663695,-0.0359629640571254,34.611618,-93.961363,5.0,0,0.0,0.0,1307.2218692805643,1.6179069902568277,0.08880775711240574,0.10026727989,5.0,32.83087199815782,True,True
0.48200000000000004,33.39320837474241,-92.89293269685722,-0.8079445403698525,-0.039089858867070726,34.611618,-93.961363,5.0,0,0.0,0.0,1307.2218692805643,1.619157125596995,0.08880716186549487,0.099050478777,5.0,33.0395220007631,True,True
0.5309999999999999,33.39133520476239,-92.89096889098317,-0.8079419689118673,-0.03772995032991505,34.611618,-93.961363,5.0,0,0.0,0.0,1307.2218692805643,1.6218906017587595,0.08883030260174163,0.098066725485,5.0,32.04837999510346,True,True
0.5820000000000001,33.390434799988775,-92.89002706766499,-0.8079576368274454,-0.03689522015065114,34.611618,-93.961363,5.0,0,0.0,0.0,1307.2218692805643,1.623217067730267,0.0887993151109927,0.097165630023,5.0,33.042588001990225,True,True
0.6320000000000001,33.390311650687885,-92.88989905350644,-0.8079429596446386,0.045837680791988356,34.611618,-93.961363,5.0,0,0.0,0.0,1307.2218692805643,1.6246920285105277,0.08880030584376408,0.094740124993,5.0,32.83860699593788,True,True
0.6819999999999999,33.39726234136403,-92.89718806472479,-0.8077883180484648,0.24564153825427953,34.611618,-93.961363,5.0,0,0.0,0.0,1307.2218692805643,1.6213986960354645,0.08877810456373236,0.092126722703,5.0,32.98419799830299,True,True
0.732,33.40413585095839,-92.90437020366254,-0.8075468066540917,0.3372384057339286,34.611618,-93.961363,5.0,0,0.0,0.0,1307.2218692805643,1.6146603229562582,0.08864566424759035,0.089818309576,5.0,32.95762900233967,True,True
0.7849999999999999,33.42386354369815,-92.92481462428064,-0.8065118605038675,0.5066622492541145,34.611618,-93.961363,5.0,0,0.0,0.0,1307.2218692805643,-1.5919988505211315,0.08790914505960723,0.08867084241,5.0,35.39966200332856,True,True
0.835,33.436919408478204,-92.93839310615932,-0.8058129896024716,0.6069596483887949,34.611618,-93.961363,5.0,0,0.0,0.0,1307.2218692805643,-1.576449549992438,0.08736920670299275,0.088130904053,5.0,35.56430999742588,True,True
0.8839999999999999,33.4698716380343,-92.972933770231,-0.8035880209849234,0.7872914866075773,34.611618,-93.961363,5.0,0,0.0,0.0,1307.2218692805643,-1.5354818349904706,0.08559305518760008,0.086354752538,5.0,35.01067500474164,True,True
0.9319999999999999,33.48919561757721,-92.99280151016107,-0.8019167065338253,0.8697865269794052,34.611618,-93.961363,5.0,0,0.0,0.0,1307.2218692805643,-1.5101579709830606,0.08444536718404905,0.085207064534,5.0,32.9805809960817,True,True
0.986,33.53466031529971,-93.03962056192866,-0.7986117445273186,1.0489096361378658,34.611618,-93.961363,5.0,0,0.0,0.0,1307.2218692805643,-1.4515566699614622,0.08132188545450392,0.082083582805,5.0,36.83683800045401,True,True
1.033,33.56057263939039,-93.06617674242733,-0.7967600646342328,1.1349857758793844,34.611618,-93.961363,5.0,0,0.0,0.0,1307.2218692805643,-1.4175496382055626,0.07946909072644415,0.080230788077,5.0,33.86076700553531,True,True
1.085,33.618256189092385,-93.12521957931537,-0.7927537167740586,1.2872686800792645,34.611618,-93.961363,5.0,0,0.0,0.0,1307.2218692805643,-1.3407832828806125,0.07559088568444139,0.076352583035,5.0,35.08942299959017,True,True
1.135,33.65010119520001,-93.15733702119728,-0.7902064518474031,1.359513928523515,34.611618,-93.961363,5.0,0,0.0,0.0,1307.2218692805643,-1.298423469952642,0.0736110629731841,0.074372760324,5.0,35.89185200689826,True,True
1.184,33.717900944516025,-93.22559688718208,-0.7861576537506486,1.4959400619413574,34.611618,-93.961363,5.0,0,0.0,0.0,1307.2218692805643,-1.2066305612079762,0.06930583247037436,0.070067529821,5.0,34.363707003649324,True,True
1.232,33.7547700496045,-93.26243616867485,-0.7836640381673164,1.5685748014515921,34.611618,-93.961363,5.0,0,0.0,0.0,1307.2218692805643,-1.1576190858974942,0.067014999949774,0.0677766973,5.0,32.73128599539632,True,True
1.284,33.83384775133099,-93.34075454014848,-0.7778946575913802,1.7066071597455879,34.611618,-93.961363,5.0,0,0.0,0.0,1307.2218692805643,-1.0515598227702954,0.06139427919083529,0.062155976541,5.0,34.43149400118273,True,True
1.336,33.87602548046525,-93.38220667795694,-0.775392651770835,1.773104857514181,34.611618,-93.961363,5.0,0,0.0,0.0,1307.2218692805643,-0.9950283514322249,0.058752003790505825,0.059513701141,5.0,37.034276996564586,True,True
1.3840000000000001,33.96556695187676,-93.46952303429771,-0.7706013143761801,1.9059517331074476,34.611618,-93.961363,5.0,0,0.0,0.0,1307.2218692805643,-0.8752012690959405,0.053632867654253236,0.054394565005,5.0,34.339832003752235,True,True
1.438,34.01288552155684,-93.51536097961296,-0.7683748506923876,1.9705374120654022,34.611618,-93.961363,5.0,0,0.0,0.0,1307.2218692805643,-0.8119658297263344,0.05145866057530535,0.052220357926,5.0,38.647262001177296,True,True
1.484,34.11253500606148,-93.61127437442784,-0.764382197724643,2.097698536515813,34.611618,-93.961363,5.0,0,0.0,0.0,1307.2218692805643,-0.6791216061891546,0.04714380721461087,0.047905504565,5.0,34.51173299981747,True,True
1.5359999999999998,34.16481122168106,-93.66129885727644,-0.7624266461182512,2.1596076145172267,34.611618,-93.961363,5.0,0,0.0,0.0,1307.2218692805643,-0.6096276573398305,0.04523954392376828,0.046001241274,5.0,36.19228400202701,True,True
1.585,34.274152435958186,-93.76535325326665,-0.7589078000740629,2.280122349949848,34.611618,-93.961363,5.0,0,0.0,0.0,1307.2218692805643,-0.5382144432288853,0.04328399231737645,0.044045689668,5.0,36.025982997671235,True,True
1.635,34.33115822554385,-93.81932223731636,-0.7571958716290939,2.338577657785326,34.611618,-93.961363,5.0,0,0.0,0.0,1307.2218692805643,-0.3902599489167864,0.03976514627318828,0.040526843624,5.0,35.150036004779395,True,True
1.684,34.389685061606365,-93.87454533653087,-0.755536763730711,2.395791505876618,34.611618,-93.961363,5.0,0,0.0,0.0,1307.2218692805643,-0.31437758086693457,0.03805321782821913,0.038814915179,5.0,34.83966600470012,True,True
1.7339999999999998,34.51078317236456,-93.9883265226354,-0.753801375187246,2.4906677466480884,34.611618,-93.961363,5.0,0,0.0,0.0,1307.2218692805643,-0.16456488522313326,0.03501228904564613,0.036947571751,5.0,34.81686300074216,True,True
1.784,34.573073219525675,-94.0467486093069,-0.7523415081135932,2.5379239114954553,34.611618,-93.961363,5.0,0,0.0,0.0,1307.2218692805643,-0.10437765094682955,0.03465872138637138,0.039335065209,5.0,34.08972400211496,True,True
1.836,34.70148767973324,-94.16650676511064,-0.7485759855794256,2.6185943214116403,34.696177,-94.03545,5.0,6,8.600220093833087e-05,0.11242395787284758,1307.1094453226915,-0.09250911360708987,0.03635622899300461,0.038354409634,5.0,36.858778999885544,True,True
1.885,34.76725344582704,-94.22755814626265,-0.7480449879009109,2.662381609564555,34.764097,-94.094509,5.0,11,0.0001548554151758528,0.2024303852943962,1307.01943889527,-0.09541276600261785,0.03154033029484982,0.0379077682,5.0,35.15431300183991,True,True
1.937,34.90182785322717,-94.35214463552242,-0.747544848435056,2.737334225382875,34.901309000000005,-94.214467,5.0,21,0.00029427745373229123,0.3846859231550505,1306.8371833574092,-0.10074176318885515,0.02714506490077362,0.03782996759,5.0,37.15172600641381,True,True
1.9839999999999998,34.970357009655764,-94.41532370657337,-0.7459655444694019,2.7512585306523785,34.969478,-94.27415699999999,5.0,26,0.0003635915796813146,0.4752948644456813,1306.7465744161186,-0.10324056205177257,0.03320758613969854,0.040240486562,5.0,35.22800099744927,True,True
2.036,35.11107729555131,-94.54410996751926,-0.7374394981081785,2.8512306398025435,35.109534000000004,-94.396621,5.0,36,0.0005059143485244837,0.6613423003740345,1306.5605269801902,-0.10798247392016634,0.022386417534108638,0.034420686075,5.0,36.47992100013653,True,True
2.0860000000000003,35.18338832888245,-94.60970610696273,-0.7343989071185808,2.8929844562281524,35.184093,-94.4618,5.0,41,0.0005816719917560878,0.760374348371542,1306.4614949321929,-0.11002828658649703,0.0190720449104278,0.032215854982,5.0,36.61454199755099,True,True
2.1350000000000002,35.33201555078975,-94.7431030162282,-0.7287106337212859,2.9818733127492085,35.328851,-94.588348,5.0,50,0.0007287579321018388,0.9526483062552042,1306.269220974309,-0.113293136869595,0.012454037121467199,0.026771690925,5.0,35.3691459968104,True,True
2.186,35.40824857183426,-94.81098937256886,-0.7262365089879617,3.0243033698297204,35.398846999999996,-94.649539,5.0,54,0.0007998796944875225,1.0456202294275458,1306.1762490511367,-0.1144277466457823,0.010320900916550801,0.026212173896,5.0,36.698830997920595,True,True
2.234,35.5644352290928,-94.94918685234437,-0.7228462434174593,3.1095740703202956,35.568453999999996,-94.797811,5.0,63,0.0009722147040365885,1.2709003227527598,1305.9509689578115,-0.11636281789056689,0.005917726319288885,0.022832911017,5.0,34.95402000407921,True,True
2.286,35.64429347967173,-95.01950838242044,-0.7212126423785927,3.1509141573738706,35.648666999999996,-94.867933,5.0,67,0.0010537173992143432,1.3774424282944284,1305.8444268522699,-0.11703495098031033,0.0044677086820663625,0.022826344029,5.0,36.20890399906784,True,True
2.335,35.80637388069719,-95.16326790615588,-0.7175640666147832,3.2525322849313314,35.796471000000004,-94.997119,5.0,74,0.0012038858299979161,1.5737458850902597,1305.6481233954742,-0.1172778290869892,0.0034377021791685003,0.021273442484,5.0,35.43490800075233,True,True
2.3870000000000005,35.88925182823912,-95.2354194665201,-0.7159664423539506,3.2504119548829555,35.885121000000005,-95.074565,5.0,78,0.001293935534823507,1.6914608285605317,1305.5304084520037,-0.11861414063673008,-0.002215336558514469,0.019965466744,5.0,37.517560995183885,True,True
2.436,36.05622746006708,-95.38076353313194,-0.7148399043993672,3.3008144194297366,35.976096999999996,-95.154065,5.0,82,0.0013863591591761542,1.8122790115524838,1305.409590269012,-0.11899845831331542,-0.0031041939189702106,0.019416330913,5.0,36.739707000378985,True,True
2.487,36.14147052568637,-95.45458450949688,-0.7134351155740213,3.33652815729363,36.140285,-95.297637,5.0,89,0.0015532070981839144,2.0303862862678175,1305.1914829942964,-0.11821882477047001,-0.0037676056260513846,0.019052858808,5.0,37.595196001348086,True,True
2.536,36.22776750027609,-95.5291251620703,-0.7127044561937225,3.373626391565682,36.213728,-95.361876,5.0,92,0.0016278487268603131,2.1279594556323254,1305.0939098249319,-0.11735341365012693,-0.005213380802557399,0.018441284546,5.0,36.32781700434862,True,True
2.587,36.40317300316183,-95.68049856900817,-0.7111325023112939,3.441617913068563,36.392256,-95.518028,5.0,99,0.0018092891032513994,2.36514228362125,1304.856726996943,-0.11591957687809394,-0.006376348303301249,0.017398579146,5.0,38.01091200148221,True,True
2.6350000000000002,36.49227792278931,-95.75719402529346,-0.7104122199883154,3.4750845851734615,36.472609000000006,-95.588311,5.0,102,0.0018909534930503374,2.471895759907875,1304.7499735206563,-0.1151037813832501,-0.0075033658166554495,0.016856278617,5.0,36.06071700050961,True,True
2.6910000000000003,36.67317615368784,-95.91256042285684,-0.7087222888622806,3.539401150217447,36.668797999999995,-95.759911,5.0,109,0.0020903432604984402,2.732542424426801,1304.4893268561375,-0.11427809697389545,-0.009005029933976338,0.015140929871,5.0,41.15745199669618,True,True
2.7350000000000003,36.76495167392129,-95.99118770967154,-0.7080276158578863,3.570574026275537,36.756307,-95.836453,5.0,112,0.0021792803402466017,2.848802920063547,1304.3730663605008,-0.11270792972317883,-0.009928828045909555,0.014715349856,5.0,36.01944100228138,True,True
2.7830000000000004,36.95083554438477,-96.15021918031299,-0.7078461601920985,3.6181530654789977,36.936081,-95.99380699999999,5.0,118,0.002362043615793073,3.087715070759244,1304.134154209805,-0.10965692797914332,-0.012478603445704284,0.013412863518,5.0,33.753726005670615,True,True
2.833,37.04471802481781,-96.23068836387823,-0.7085960591334904,3.6504212332028567,37.027803000000006,-96.074203,5.0,121,0.0024553476207812993,3.209684106571316,1304.012185173993,-0.10817785768473993,-0.012440915060586644,0.014310508025,5.0,34.409291998599656,True,True
2.8840000000000003,37.23236628302705,-96.39174872722617,-0.7115746762530176,3.6561831837915446,37.212971,-96.236489,5.0,127,0.002643700843455363,3.4559035584003244,1303.765965722164,-0.10555263913305342,-0.010341661219897436,0.015761925773,5.0,34.89594099664828,True,True
2.935,37.32703073402758,-96.47308370800269,-0.708739564192045,3.682684627875907,37.307165999999995,-96.318502,5.0,130,0.0027392434244356187,3.5807989097052237,1303.641070370859,-0.10469040409024614,-0.006417417546729087,0.018407444593,5.0,35.46408299735049,True,True
2.986,37.51882739811407,-96.6362635093098,-0.7011443927058222,3.723626172174181,37.502587,-96.488879,5.0,136,0.0029375753908046564,3.840062793520247,1303.381806487044,-0.10361307619989178,-0.01155928923392402,0.011152752889,5.0,36.93085400300333,True,True
3.043,37.6160428816909,-96.71802959966831,-0.6971539401182428,3.7483355955730744,37.570465999999996,-96.548009,5.0,138,0.0030064403268310093,3.9300845439205028,1303.2917847366439,-0.10046350862106712,-0.01552317322396135,0.0078211705001,5.0,43.976339999062475,True,True
3.0820000000000003,37.81320919587706,-96.88209566030164,-0.6913355488536438,3.7933422461502495,37.783738,-96.733859,5.0,144,0.003222843684410981,4.212971745534784,1303.0088975350295,-0.09591232695328956,-0.023009993269291762,0.00036069202695,5.0,32.8573110018624,True,True
3.132,37.91297474360631,-96.96444793153286,-0.6889927882976693,3.817788982996472,37.85825,-96.798806,5.0,146,0.0032984575310447506,4.311815819474874,1302.9100534610893,-0.0923806404558846,-0.025600775283772137,-0.00095397241178,5.0,32.57909200328868,True,True
3.1830000000000003,38.114972843853295,-97.13050738459687,-0.6866603951487729,3.8879137484515627,38.052652,-96.968272,5.0,151,0.003495743857401291,4.569712819798166,1302.652156460766,-0.08515688661594643,-0.02937238740069814,-0.0042497905567,5.0,33.74764500040328,True,True
3.236,38.21677977900067,-97.2131936710032,-0.6849497234004149,3.865693311992092,38.175342,-97.075248,5.0,154,0.0036202660035806237,4.732490892493541,1302.4893783880707,-0.08184152124618466,-0.02894645762575987,-0.0039979294245,5.0,36.30510500079254,True,True
3.286,38.421135049365006,-97.37993908863525,-0.6856448553578552,3.904873701049965,38.258221,-97.147359,5.0,156,0.003704305975389724,4.842349781536119,1302.3795194990282,-0.07684039188055891,-0.033274162845527755,-0.0048456009831,5.0,36.2169099971652,True,True
3.335,38.52414287301192,-97.46435220213263,-0.686704557489893,3.9269731697108776,38.473935,-97.335205,5.0,161,0.003923120988785664,5.128389552374212,1302.09347972819,-0.0692024094456553,-0.029887302707123364,-0.0036814683778,5.0,35.24955199827673,True,True
3.3840000000000003,38.62766052769329,-97.54923412814505,-0.6868800798787553,3.947012769245103,38.563524,-97.413166,5.0,163,0.004013970691905148,5.247150271109648,1301.9747190094547,-0.0644649354591073,-0.029596750055203458,-0.0018415593867,5.0,34.400735996314324,True,True
3.435,38.836364097897714,-97.72029527273698,-0.6855059761999953,3.989028627424159,38.748645,-97.57425,5.0,167,0.004201691874396915,5.492543506190093,1301.7293257743743,-0.05659996556244069,-0.029500601150181716,-0.0017189810158,5.0,35.28388599806931,True,True
3.4850000000000003,38.94164264531389,-97.80629460907532,-0.6844105950376193,4.007397994359458,38.892495000000004,-97.69945799999999,5.0,170,0.004347580537498612,5.683252357076736,1301.5386169234876,-0.0598737847971232,-0.030777890651798145,-0.002249667022,5.0,35.089472999970894,True,True
3.535,39.153809130669124,-97.97943135190873,-0.6840401040672449,4.048155511789629,39.090590999999996,-97.87193,5.0,174,0.004548508051901192,5.945909198043974,1301.2759600825204,-0.047865636867233094,-0.03192461454944473,-0.0028567668883,5.0,35.57875700062141,True,True
3.585,39.26075858249524,-98.06658594366651,-0.6837374085760878,4.0686282426353415,39.192163,-97.960376,5.0,176,0.004651538156909843,6.0805924045055555,1301.1412768760588,-0.042826694117286304,-0.03240390861710285,-0.0026698262861,5.0,35.332967003341764,True,True
3.632,39.47534061602706,-98.24201848018798,-0.686974000869774,4.06180702164678,39.39931,-98.14092099999999,5.0,180,0.004861742968188905,6.3553767308375395,1300.8664925497267,-0.033715964796651225,-0.032909620449626864,-0.0010462292348,5.0,32.90737499628449,True,True
3.684,39.58216024152602,-98.32971653520686,-0.690385220519654,4.0817075488062144,39.504034999999995,-98.232598,5.0,182,0.00496821562909951,6.494560121660376,1300.7273091589038,-0.030201210547895704,-0.03334195201233525,0.0020608476142,5.0,34.30444600235205,True,True
3.7350000000000003,39.79762665867715,-98.50776972988785,-0.6916332326411144,4.124326104296154,39.714265999999995,-98.41795400000001,5.0,186,0.0051826207023790314,6.774835122336069,1300.4470341582282,-0.024589536655946858,-0.03425857731658999,0.007552612608,5.0,35.18467999674613,True,True
3.7830000000000004,39.90577083373836,-98.59760804120486,-0.6957898721589726,4.141194526404551,39.820003,-98.511863,5.0,188,0.005290803238619425,6.9162536995837485,1300.3056155809807,-0.02274764847643746,-0.03497691276156889,0.0087841868488,5.0,33.63625799829606,True,True
3.8340000000000005,40.12238650545569,-98.77952382810018,-0.700671494710838,4.174736844055644,40.033822,-98.701925,5.0,192,0.005509649528040653,7.202334355126082,1300.0195349254382,-0.02410642208929123,-0.026270159578146046,0.018964017519,5.0,34.07037899887655,True,True
3.8840000000000003,40.23104741383584,-98.8713498002442,-0.7033355198967433,4.189391932527397,40.142461,-98.798118,5.0,194,0.005620652291854857,7.347439595534595,1299.8744296850298,0.027362904813810245,-0.02293623902539288,0.020473426491,5.0,34.646815998712555,True,True
3.933,40.44904495955625,-99.05625811915804,-0.7029127911878287,4.239951810244293,40.307967,-98.94388599999999,5.0,197,0.005789365865572287,7.567985668742497,1299.6538836118218,0.0061953831468928335,-0.01716222627216757,0.025620424574,5.0,33.82649299601326,True,True
3.984,40.55942236845308,-99.14959046799771,-0.7012779232287152,4.223254778796734,40.419949,-99.042112,5.0,199,0.00590331548738242,7.716943106368953,1299.5049261741954,0.008508336013354255,-0.01625997139070856,0.025352820083,5.0,34.91413500159979,True,True
4.035,40.77912702720293,-99.33325280121389,-0.6905093373350821,4.233600289185229,40.646117,-99.23912800000001,5.0,203,0.0061327686134238476,8.016889250705097,1299.2049800298591,0.013016382870897328,-0.01509989455493388,0.023802713026,5.0,35.51964700454846,True,True
4.0840000000000005,40.88973525415497,-99.42474257279659,-0.6885300034353243,4.237468738997503,40.76037,-99.337677,5.0,205,0.006248191191928087,8.167772169534592,1299.0540971110297,0.015592661538785543,-0.02070573608205617,0.018158978717,5.0,34.12147399649257,True,True
4.134,41.00118717239517,-99.51665398525415,-0.6892227391300795,4.256685353063103,40.874992,-99.436256,5.0,207,0.006363842652164778,8.318954287570225,1298.902914992994,0.018341506439979383,-0.021275813061415683,0.018573651005,5.0,34.21277400047984,True,True
4.183,41.22579615195261,-99.70058339487487,-0.6830089227197532,4.282799865205472,41.106759999999994,-99.63454499999999,5.0,211,0.0065971746347443655,8.623970958000854,1298.5978983225634,0.02667844436028132,-0.018655282002855156,0.022081826369,5.0,33.35362899815664,True,True
4.2330000000000005,41.339101959437926,-99.79246146305101,-0.6797631837097495,4.2980561739953105,41.224385,-99.73430400000001,5.0,213,0.0067151592070580695,8.778202971167042,1298.4436663093973,0.033750119404810555,-0.018706532431681744,0.021267683592,5.0,33.81157499825349,True,True
4.285,41.56760477577667,-99.97619654760405,-0.6751638202936895,4.327404934971238,41.403295,-99.884687,5.0,216,0.006893948818951753,9.01192066183465,1298.2099486187296,0.03217999146863501,-0.01897595546972175,0.020504848979,5.0,35.22538700053701,True,True
4.333,41.682731281187486,-100.06820159628869,-0.6733539283673253,4.347775792415026,41.524189,-99.985391,5.0,218,0.00701431288865913,9.169263206031742,1298.0526060745326,0.034778472276021995,-0.01757361218579545,0.021484243814,5.0,33.844526995380875,True,True
4.382000000000001,41.913469767010156,-100.25214101757776,-0.6698685908621518,4.349035709447161,41.769795,-100.187826,5.0,222,0.007257791551921275,9.487543839351217,1297.734325441213,0.039426218907162074,-0.015473585638982268,0.02503626239,5.0,32.61234400270041,True,True
4.437,42.0300141136765,-100.34443400229702,-0.6686165915076626,4.378061524944958,41.892342,-100.28818000000001,5.0,224,0.007378960061772551,9.645937965296943,1297.5759313152673,0.04177548076165103,-0.015703191894747892,0.026730448387,5.0,37.644377996912226,True,True
4.4830000000000005,42.26405184688524,-100.52874317533816,-0.6652788674930806,4.395221413322472,42.139792,-100.49050600000001,5.0,228,0.007623475864332363,9.965574369787817,1297.2562949107764,0.05440670965835093,-0.017626656177142763,0.031645366614,5.0,33.873489999677986,True,True
4.535,42.381909617481874,-100.62103178683094,-0.6633739566630525,4.409656289704333,42.263237,-100.591369,5.0,230,0.007745422613607377,10.124985827327789,1297.0968834532366,0.06263112556885315,-0.01945447915303733,0.03296124405,5.0,35.20299500087276,True,True
4.5840000000000005,42.61949484988931,-100.80573793404457,-0.6588897100664223,4.43768947573878,42.44866,-100.742363,5.0,233,0.007928348954482323,10.36411114058699,1296.8577581399772,0.055085702180726503,-0.020418670218408153,0.035468751303,5.0,34.093130998371635,True,True
4.636,42.739088912136495,-100.89806808097626,-0.6563866976405082,4.451442228236186,42.57302,-100.842927,5.0,235,0.008050694637979946,10.524044093667161,1296.697825186897,0.058098657726486036,-0.019025926749607347,0.036547783937,5.0,36.476153996773064,True,True
4.6850000000000005,42.980569515621006,-101.08297274924078,-0.650704636561841,4.460790174825567,42.82532,-101.04390699999999,5.0,239,0.008297452113133074,10.846610861595787,1296.3752584189685,0.06325472480076072,-0.012786580903855427,0.040094259273,5.0,35.38568600197323,True,True
4.734,43.101474212363016,-101.17467117866943,-0.6470842191490149,4.4706265651030375,42.952422999999996,-101.143121,5.0,241,0.008420798541821772,11.007852010675307,1296.214017269889,0.06640812006823316,-0.007791396056618272,0.040790905151,5.0,34.90284500003327,True,True
4.784,43.34467234392427,-101.35680061070906,-0.6381063540654601,4.464052666191698,43.208553,-101.33805799999999,5.0,245,0.008667028410783137,11.32972908025169,1295.8921402003127,0.07363790229523152,-0.00037643403697185107,0.042565709784,5.0,34.957476003910415,True,True
4.835,43.46687031937914,-101.44719513977572,-0.6357094484929219,4.4931161418749905,43.273084000000004,-101.386107,5.0,246,0.00872857472287983,11.410183765398056,1295.8116855151663,0.06621194793997351,-0.0013222805839880891,0.04077338628,5.0,35.613932996056974,True,True
4.885,43.71419483853179,-101.62801554057035,-0.627322335257809,4.517757487808124,43.53337,-101.57746999999999,5.0,250,0.008975711816103885,11.733246778370969,1295.4886225021933,0.06549828931338927,0.002642590493630248,0.04467609347,5.0,35.22902300028363,True,True
4.936,43.83890329485468,-101.71803542991151,-0.6232275437453946,4.529480239146182,43.665238,-101.672759,5.0,252,0.00910016934795644,11.89594038580531,1295.325928894759,0.06488482119483013,0.004269975931793013,0.046290588213,5.0,36.51148000062676,True,True
4.985,44.09042310687414,-101.89734745736834,-0.6150360517983527,4.5532152011668305,43.798393,-101.76787,5.0,254,0.009225347025299441,12.05957538317383,1295.1622938973906,0.0640811774654505,0.005760440491136443,0.046410228738,5.0,35.97912599798292,True,True
5.033,44.217017716820315,-101.98651990439235,-0.6110668146562327,4.511198005275074,44.068502,-101.957452,5.0,258,0.009477792219963026,12.389577262432857,1294.8322920181315,0.06397726917858262,0.008562780666504732,0.048381400072,5.0,33.95328999613412,True,True
5.085,44.343647248198685,-102.07450905206821,-0.6075289172345228,4.535136005184232,44.204921,-102.05161,5.0,260,0.00960459437864719,12.555335817336779,1294.6665334632276,0.0662046154285574,0.010568641776720789,0.049262867548,5.0,35.67928499978734,True,True
5.135,44.599698710597934,-102.25079429578288,-0.5991385353699396,4.5877108588697695,44.411365999999994,-102.191865,5.0,263,0.009795519807165974,12.804917712898297,1294.416951567666,0.057770289613555924,0.009771251734996156,0.050251055985,5.0,35.79263699793955,True,True
5.186,44.72826795472432,-102.33818711859553,-0.5947722499136693,4.574086182218551,44.549782,-102.28460600000001,5.0,265,0.009922975771820266,12.971530937264639,1294.2503383432997,0.05575583458689821,0.012285968762296484,0.050924349474,5.0,36.08078600518638,True,True
5.2330000000000005,44.98723337981031,-102.51164603015727,-0.5857936687703585,4.592939770312651,44.82965,-102.468259,5.0,269,0.010179051186531554,13.306278319560324,1293.915590961004,0.051308169232509554,0.015576634111289067,0.053081468364,5.0,33.91870500490768,True,True
5.2860000000000005,45.117655819437644,-102.59779025708603,-0.5815533013214107,4.600513840810084,44.972046,-102.559865,5.0,271,0.010308575701009058,13.475595597493266,1293.746273683071,0.050554184378718205,0.01701076939743773,0.053588734998,5.0,36.47832899878267,True,True
5.339,45.380567380706516,-102.76915426428158,-0.5721245627412496,4.625676323513845,45.261296,-102.742395,5.0,275,0.010570221618562692,13.817624862927355,1293.4042444176368,0.06025211914666655,0.020214386005049434,0.056294177745,5.0,39.17449700384168,True,True
5.388,45.512815387665796,-102.85377163896264,-0.5664674355091224,4.611845902197031,45.334625,-102.787906,5.0,276,0.010636242603240517,13.903928937929644,1293.3179403426348,0.040020945047106155,0.019030677571239885,0.05493942712,5.0,38.40744299668586,True,True
5.436,45.778558556905104,-103.02092006679874,-0.5568365158013545,4.62541477573498,45.628240999999996,-102.966801,5.0,280,0.010899261739532701,14.247753304930074,1292.9741159756343,0.03387011521555694,0.020763305098056684,0.055839541111,5.0,36.92879000300309,True,True
5.485,45.91178639203332,-103.10315082118098,-0.5503442519805933,4.611527887599712,45.775993,-103.054919,5.0,282,0.011030864026284812,14.419786692219764,1292.8020825883445,0.034095594159027534,0.022075064776361675,0.056648805424,5.0,35.491563998220954,True,True
5.5360000000000005,46.18034800992544,-103.26549302833558,-0.5377329050101373,4.633483020059532,45.997886,-103.185163,5.0,285,0.011227689239161325,14.677080914917745,1292.5447883656466,0.024278581445329284,0.015872920481121877,0.052242447112,5.0,36.34528999828035,True,True
5.586,46.31594377438435,-103.34587222900065,-0.5324172301161828,4.63941338042427,46.147253000000006,-103.271275,5.0,287,0.011359580994867087,14.849492702354127,1292.3723765782102,0.021424684635443447,0.017601046630169925,0.053838082213,5.0,36.12515799613902,True,True
5.6370000000000005,46.58923868585218,-103.50485618197077,-0.5206502175599294,4.657201738430534,46.449375,-103.44200500000001,5.0,291,0.011625049916714258,15.196519482607082,1292.0253497979572,0.01658800230378331,0.018119344084246425,0.054785128394,5.0,37.67163799784612,True,True
5.684,46.72700044759246,-103.58337400461593,-0.5150849975111353,4.668492185358658,46.602523,-103.526821,5.0,293,0.011758972143791138,15.371585546624736,1291.8502837339395,0.0256695584970837,0.017796526290618786,0.054267795108,5.0,34.513035003328696,True,True
5.737,47.00322128300592,-103.73811321974242,-0.5061429951850985,4.650113581137439,46.834436,-103.65296500000001,5.0,296,0.011960927822502063,15.635586426461057,1291.5862828541033,0.007242925713940254,0.017381672415541338,0.055632100474,5.0,37.66390399687225,True,True
5.784,47.14254144798248,-103.81474972699661,-0.5004434866335615,4.703212272299646,46.990128000000006,-103.736284,5.0,298,0.012096011692824607,15.812171015933746,1291.4096982646306,0.0045289493737666175,0.01693927511935467,0.056515296409,5.0,34.80231600406114,True,True
5.835,47.42246025955115,-103.96641589313137,-0.49172424450203217,4.674539633528804,47.147334,-103.819331,5.0,300,0.012232020769594482,15.989965055507986,1291.2319042250563,0.006629978670574804,0.017913556305945377,0.056155729086,5.0,36.61058499710634,True,True
5.886,47.562808307845046,-104.0412063612549,-0.48763660723296764,4.68004429405431,47.462424,-103.981939,5.0,304,0.012503265212578423,16.344541723297418,1290.8773275572669,-0.04287268824692092,0.02093556950686537,0.059719342264,5.0,36.094681003305595,True,True
5.936,47.70359520090292,-104.1155351189279,-0.4838480306801594,4.684247085035326,47.541884,-104.022251,5.0,305,0.012571425623445648,16.433642503002204,1290.7882267775622,-0.007504538373337033,0.01937766222690307,0.060147434295,5.0,36.94711500429548,True,True
5.986,47.98620757762606,-104.26306373855554,-0.47715229918726404,4.717320978862766,47.862092,-104.18208299999999,5.0,309,0.012845199774678363,16.791526060737333,1290.430343219827,-0.01888855017838764,0.023516804293945093,0.065109048817,5.0,36.690604996692855,True,True
6.034,48.1284119692519,-104.3361258234694,-0.4720509086698016,4.692687666165356,48.023984999999996,-104.261188,5.0,311,0.012983038688499463,16.971712103322155,1290.250157177242,-0.03782396114035961,0.026101161536382644,0.066251898111,5.0,34.48132700577844,True,True
6.086,48.41377693680882,-104.47978219254635,-0.4615172620458603,4.702635030355602,48.267328000000006,-104.377527,5.0,314,0.013189372399066264,17.241436042144883,1289.9804332384194,-0.02631767858447877,0.024593146077780403,0.066146840057,5.0,36.13562799728243,True,True
6.135,48.557025837187744,-104.55068344888639,-0.4575179678757844,4.704989422448619,48.429586,-104.453558,5.0,316,0.013326448186419126,17.420624509121396,1289.801244771443,-0.03062082222427665,0.0271041376640464,0.066442818871,5.0,35.2284629989299,True,True
6.184,48.84311514863638,-104.69016917112398,-0.44494591415448853,4.683190460689811,48.755296,-104.602327,5.0,320,0.013600371665319546,17.778703271249437,1289.4431660093148,-0.05778577097150452,0.029771741839991872,0.069764665957,5.0,34.453455002221745,True,True
6.236,48.987656710302105,-104.75874070680845,-0.43948040859816895,4.710720915694048,48.83643,-104.63861700000001,5.0,321,0.013668363337332921,17.867583471834273,1289.35428580873,-0.04438825745670167,0.025436902548010565,0.066312275255,5.0,36.635872995248064,True,True
6.287,49.27886528274697,-104.89317674672021,-0.42484207772194793,4.723996818857993,49.165096000000005,-104.782685,5.0,325,0.013942882343038438,18.226440719625682,1288.9954285609385,-0.054343286186278705,0.024579384483260913,0.065637046619,5.0,37.28520699951332,True,True
6.3340000000000005,49.425533536045165,-104.95904409307789,-0.41866794908448424,4.729553395284924,49.330651,-104.85361,5.0,327,0.014080661546036937,18.406548706917366,1288.8153205736469,-0.06517122031566104,0.02302854348197325,0.063800668459,5.0,34.81504999945173,True,True
6.386,49.72015106600544,-105.08808292792357,-0.4069803820847052,4.740284957680862,49.580696,-104.958702,5.0,330,0.014288149327653321,18.677781272654812,1288.5440880079095,-0.06356442707717624,0.018558196493170254,0.059264102921,5.0,36.95669300213922,True,True
6.434,49.86797520085703,-105.15124712283684,-0.4010736604764845,4.7295392226201995,49.748754999999996,-105.02766100000001,5.0,332,0.014427113351988078,18.859438084308444,1288.3624311962558,-0.0668505378734099,0.019800264951747693,0.061184166068,5.0,34.79556400270667,True,True
6.487,50.166719330207705,-105.275380733775,-0.3874856198683039,4.7454046205999125,50.001807,-105.129729,5.0,335,0.014635847743456536,19.132300245706983,1288.0895690348573,-0.072568721708123,0.015818327849957736,0.057919305446,5.0,37.126249000721145,True,True
6.5360000000000005,50.31608966267038,-105.33585896813108,-0.3820898176288237,4.7418094067893986,50.171862,-105.19666399999998,5.0,337,0.014775651174927055,19.31505434872571,1287.9068149318387,-0.07523935659279028,0.015476495324604045,0.057581771951,5.0,36.60531599598471,True,True
6.587000000000001,50.616063278737066,-105.45476116782329,-0.37299834422164346,4.750688022447743,50.512209000000006,-105.32711599999999,5.0,341,0.015054481463096682,19.67954739923885,1287.5423218813255,-0.082684559734629,0.016847970935137013,0.059402762935,5.0,37.54002200003015,True,True
6.635000000000001,50.766586797950495,-105.51346819394657,-0.3702689672048872,4.7567912733291,50.684067999999996,-105.39129399999999,5.0,343,0.015194818293739287,19.862998773320385,1287.3588705072439,-0.09302001669296987,0.018586422756089682,0.057325538391,5.0,35.950190998846665,True,True
6.689,51.06880463850519,-105.6293868159581,-0.36142906325716,4.758240251020421,50.770348999999996,-105.423075,5.0,344,0.015265156808454389,19.95494681800868,1287.2669224625556,-0.08620865161112463,0.01891327514868646,0.055304787187,5.0,39.534559997264296,True,True
6.737,51.22053673317411,-105.68628287155346,-0.35635889471180565,4.762374598177886,51.117026,-105.54751499999999,5.0,348,0.015546927856439009,20.323284094064277,1286.8985851865,-0.0950173350115219,0.02394595234644692,0.055525008105,5.0,37.8039049974177,True,True
6.787,51.524703733314176,-105.79798120250697,-0.34796236698815103,4.772449912513928,51.291194,-105.608135,5.0,350,0.015688002664019908,20.507700167738577,1286.7141691128256,-0.10535435056816721,0.0239898214756038,0.055306662078,5.0,37.95688100217376,True,True
6.836,51.6771374886492,-105.85293232889407,-0.34386222040954806,4.682761041440944,51.551893,-105.69646000000002,5.0,353,0.015898568395529555,20.782956296889047,1286.4389129836752,-0.10491980758549585,0.026349650940656666,0.055884284124,5.0,36.31111599679571,True,True
6.886,51.8284625984831,-105.90702319844998,-0.3391715949343866,4.772411734491678,51.725737,-105.753882,5.0,355,0.016038622749408486,20.966038411167542,1286.2558308693967,-0.1103307761123761,0.02691227823631026,0.05688196713,5.0,36.74886399676325,True,True
6.9350000000000005,52.135665072998776,-106.013725498178,-0.3289190859163575,4.787853754751003,51.986727,-105.839125,5.0,358,0.01624865450552256,21.240596516003265,1285.981272764561,-0.11717853697762805,0.019852378998540754,0.055161882343,5.0,35.21220199763775,True,True
6.985,52.29000244084124,-106.06592653092058,-0.3233303022970896,4.793112111317017,52.1616,-105.89568600000001,5.0,360,0.016389252415827917,21.424389179129577,1285.7974801014348,-0.12032352705789269,0.01793153403935488,0.053755090599,5.0,35.23761899850797,True,True
7.0360000000000005,52.599601561612324,-106.16803267144155,-0.3139817117863818,4.8007470608190514,52.512682999999996,-106.00724,5.0,364,0.016671056337170576,21.79276942795772,1285.4290998526067,-0.12933455777855687,0.013870771741675725,0.050144044855,5.0,36.155895999399945,True,True
7.087000000000001,52.7550092669261,-106.21818305985317,-0.31054257648207567,4.802775310184541,52.600533,-106.03466200000001,5.0,365,0.016741457827453045,21.884799795684906,1285.3370694848793,-0.1276230433817099,0.011846499234156482,0.050949029371,5.0,37.23931999411434,True,True
7.136,53.06650752804269,-106.31643984039462,-0.298151551667587,4.862596527110784,52.95388199999999,-106.143658,5.0,369,0.017024331332719553,22.254578228009336,1284.967291052555,-0.1314596299161177,0.009628631684112321,0.049280989988,5.0,36.5251260009245,True,True
7.186,53.22327563169449,-106.36406386915876,-0.29169662259259466,4.792771871337575,53.132141000000004,-106.197391,5.0,371,0.017166756691690547,22.440759771996355,1284.7811095085679,-0.13594255787087606,0.007989101191979486,0.045595482568,5.0,36.535204999381676,True,True
7.236,53.53619741365487,-106.45621549895672,-0.2814924828755804,4.800553527274878,53.398008,-106.27580800000001,5.0,374,0.017378802372730068,22.717950523537706,1284.5039187570267,-0.13451560440056184,0.0028179149897198386,0.04122917714,5.0,36.76513500249712,True,True
7.285,53.69314166891122,-106.50121730357922,-0.27698317964310293,4.803046493996681,53.57623100000001,-106.327326,5.0,376,0.017520721477446995,22.903470280892392,1284.318398999672,-0.13496366539542795,0.0022539915635104713,0.040220379846,5.0,35.21852399717318,True,True
7.335,54.00786770014411,-106.58938958579323,-0.26933810716735496,4.809340897591318,53.845303,-106.403522,5.0,379,0.017734650755829473,23.183123312073377,1284.038745968491,-0.13549056569824122,0.0004397310321508918,0.038346187554,5.0,35.76984399842331,True,True
7.3870000000000005,54.165549035629965,-106.63255592424774,-0.26514271731012645,4.8130224860111435,54.025573,-106.453502,5.0,381,0.017877756059516116,23.370193694662593,1283.8516755859016,-0.1357500266073068,0.0013924582748687797,0.037995690687,5.0,37.9685630032327,True,True
7.436,54.48211004870264,-106.71719606041081,-0.25749559401760375,4.821062560430371,54.386601,-106.550749,5.0,385,0.01816378038372716,23.74409094641746,1283.477778334147,-0.13936272447436748,0.002198276201784921,0.034924096894,5.0,36.72941800323315,True,True
7.486,54.64068870872123,-106.75868912134159,-0.2543472533626229,4.825411417457873,54.476575,-106.574514,5.0,386,0.01823496924496619,23.8371505826783,1283.384718697886,-0.13665464024612936,0.0006689341316206132,0.03512635583,5.0,36.70751699974062,True,True
7.539000000000001,54.95679494626276,-106.84011369238421,-0.24919320048044682,4.825667307340524,54.656867000000005,-106.62136100000001,5.0,388,0.018377469219418602,24.02342966565442,1283.1984396149098,-0.13702071839867744,0.0017330204212893108,0.034914886403,5.0,39.180248000775464,True,True
7.587000000000001,55.11596244725713,-106.88036972412394,-0.24634654473025425,4.831551216757579,55.016103,-106.713054,5.0,392,0.018661088853289196,24.394183453607404,1282.827685826957,-0.14021986545018816,0.001783003482036083,0.034211597999,5.0,37.438673003634904,True,True
7.636,55.27552777518727,-106.92023520586001,-0.24386210234150058,4.839538606851101,55.10617,-106.735672,5.0,393,0.018732127710165736,24.487047000885113,1282.7348222796793,-0.1380356845349429,0.0012124400396258395,0.034577060784,5.0,36.293453005782794,True,True
7.6850000000000005,55.59516240470674,-106.99904034091524,-0.23892111962637788,4.823084041635298,55.466802,-106.824876,5.0,397,0.019016318973852784,24.858548035835298,1282.363321244729,-0.13849107694617607,0.0011495551389892888,0.033564921566,5.0,35.707677998289,True,True
7.737000000000001,55.75529497624896,-107.03777899498628,-0.23713110965765868,4.847246530304373,55.647484,-106.869069,5.0,399,0.0191586116380999,25.044556118377322,1282.177313162187,-0.14010745445314066,0.0004707430585098038,0.033565120634,5.0,37.834632996236905,True,True
7.787,56.07571298793444,-107.1143301552928,-0.23117807090354608,4.849049111771072,55.91946,-106.934794,5.0,402,0.019372657014010346,25.32436091478584,1281.8975083657785,-0.13840583202196777,-0.0022047894860244277,0.033167364005,5.0,37.28513600071892,True,True
7.835999999999999,56.23709560388364,-107.15203244956824,-0.22699610369819173,4.8462142134955855,56.100752,-106.97843300000001,5.0,404,0.01951530322364296,25.51083115958757,1281.7110381209768,-0.13798636557307128,-0.004885369603937484,0.032208192682,5.0,36.45411400066223,True,True
7.887,56.558179314492065,-107.22490332005275,-0.21967841747009595,4.8438089053713345,56.463848,-107.064374,5.0,408,0.019800739724936588,25.883959996369533,1281.3379092841947,-0.14094761067415457,-0.006983818457700242,0.027676171261,5.0,37.322906995541416,True,True
7.934,56.71900277120224,-107.26053418271836,-0.21648455115285192,4.8457729943911145,56.554522,-107.08558500000001,5.0,409,0.01987197618610611,25.977081856300487,1281.244787424264,-0.13484683695667254,-0.009777694366198908,0.027054067804,5.0,34.79230799712241,True,True
7.984000000000001,57.0410717484346,-107.33071193803976,-0.21205393828293884,4.881894401604255,56.91885799999999,-107.170201,5.0,413,0.02015810432096565,26.351114811605335,1280.870754468959,-0.1314343913136765,-0.013060883590012118,0.024610410163,5.0,34.858270999393426,True,True
8.035,57.20238014216797,-107.36507851115431,-0.20879379522355032,4.846644806232608,57.101803000000004,-107.21239299999999,5.0,415,0.020301727431987073,26.53886208326665,1280.6830071972977,-0.13299494733093506,-0.012981406605930612,0.024862475395,5.0,35.082549999060575,True,True
8.084,57.52531383501793,-107.43202961733621,-0.20051850033796234,4.851004803422372,57.37577099999999,-107.274454,5.0,418,0.020516617773147672,26.81977143672895,1280.4020978438355,-0.12404847727705097,-0.01696648169724968,0.020742398776,5.0,34.87779799615964,True,True
8.133999999999999,57.686866716461985,-107.46463832908954,-0.19786432867724116,4.851619685910466,57.55876899999999,-107.315482,5.0,420,0.020660082974340514,27.007312285208968,1280.2145569953555,-0.12125425836119837,-0.019194253200618405,0.018900012853,5.0,34.95802800171077,True,True
8.187,58.008740140932325,-107.52856399513622,-0.19537308297663789,4.84255842897824,57.831745,-107.37585200000001,5.0,423,0.020873950309652146,27.286884343053092,1279.9349849375112,-0.11497363314954816,-0.01759159204465055,0.01877139685,5.0,37.30999300023541,True,True
8.234,58.17039006414548,-107.56021300216747,-0.19177013439613855,4.846643216760266,58.01308,-107.415287,5.0,425,0.021015910574107035,27.472457905317377,1279.7494113752468,-0.11159735619480976,-0.019707110027346708,0.018548838444,5.0,34.34499200375285,True,True
8.285,58.49448654571665,-107.62243345531886,-0.18878673695857845,4.857814948068326,58.376705,-107.49379099999999,5.0,429,0.021300485920560087,27.844461021658898,1279.3774082589055,-0.10727096102037119,-0.021164946382104866,0.014465518104,5.0,35.21532799641136,True,True
8.335999999999999,58.65681862348333,-107.65344721049782,-0.18885509108748394,4.860748807341959,58.558915,-107.53260700000001,5.0,431,0.021443000828635636,28.030759626193763,1279.1911096543706,-0.11054328471910889,-0.02042741520570379,0.015499175401,5.0,36.46412199304905,True,True
8.383999999999999,58.81880208592292,-107.68437162269285,-0.1896990478052915,4.857667986792912,58.65019100000001,-107.551955,5.0,432,0.02151437669264453,28.124063716564986,1279.0978055639994,-0.09793025281227849,-0.01968983034145788,0.017403856018,5.0,34.95668499817839,True,True
8.434999999999999,59.14354675914252,-107.74652615678077,-0.1890936880827405,4.864488254013032,59.015976,-107.628689,5.0,436,0.02180028620940632,28.497810889511438,1278.724058391053,-0.09353765476807407,-0.015942914284293508,0.019318645852,5.0,35.72601299674716,True,True
8.485,59.30608606178429,-107.77826635130126,-0.18846285597507104,4.8899869710401145,59.1994,-107.66666799999999,5.0,438,0.021943578398281073,28.685125572505598,1278.5367437080588,-0.0974520893501444,-0.01566784315649672,0.019684739789,5.0,35.38791000028141,True,True
8.535,59.630312312703865,-107.83975634043111,-0.18625269661761285,4.850206763958428,59.47414200000001,-107.723083,5.0,441,0.022158136647536023,28.965600808166215,1278.256268472398,-0.08549650622306469,-0.011987046097938325,0.019741427057,5.0,35.33791699737776,True,True
8.581999999999999,59.79241259527823,-107.87020068384521,-0.18509183326511158,4.851816657533701,59.657171,-107.75991299999998,5.0,443,0.022300956938010263,29.152298615251144,1278.0695706653132,-0.08423982487204061,-0.011296034077376227,0.018855646761,5.0,32.9079860021011,True,True
8.636999999999999,60.116705946023025,-107.93045818456976,-0.18199202917886959,4.8525737912896805,59.933068000000006,-107.81466200000001,5.0,446,0.02251612841242171,29.433575472247135,1277.7882938083171,-0.0800449724543347,-0.010353710073965683,0.017532376396,5.0,37.57194199715741,True,True
8.684999999999999,60.279267822372304,-107.96020547003432,-0.17984342465638936,4.866178528270544,60.117736,-107.85078899999999,5.0,448,0.022660073869610775,29.621744121868268,1277.600125158696,-0.07840754379547503,-0.010130531429418443,0.015990640195,5.0,35.21206299774349,True,True
8.735,60.60414929949303,-108.01817582194938,-0.1732237191083721,4.857708187205206,60.487846,-107.92184099999999,5.0,452,0.02294837137923503,29.99861293130822,1277.2232563492562,-0.08188259960248477,-0.01011247601678722,0.010963659302,5.0,35.6807479984127,True,True
8.783,60.76716962299189,-108.04640480822691,-0.1702532376285651,4.858524302744946,60.580516,-107.93929299999999,5.0,453,0.023020508329489202,30.092911930263675,1277.1289573503007,-0.07323092996855116,-0.011797386218508343,0.0085519918217,5.0,33.6500330013223,True,True
8.834999999999999,61.091367078083934,-108.10155502010139,-0.16923224074410292,4.837788967850627,60.950517000000005,-108.007879,5.0,457,0.023308373970763296,30.469216191951645,1276.7526530886128,-0.06972647061677138,-0.012031434309260014,0.0044586510883,5.0,35.808116001135204,True,True
8.885,61.25405370848674,-108.12919333189006,-0.16716886479319842,4.856322578553861,61.13430699999999,-108.041546,5.0,459,0.02345130937529556,30.656064478650684,1276.5658048019136,-0.07378969702937008,-0.013264075619624283,0.0052881519709,5.0,35.30750099889701,True,True
8.933,61.58003773931744,-108.18376186881842,-0.1650787236831111,4.865534980394577,61.410317000000006,-108.092044,5.0,462,0.023665956714530745,30.936656174681804,1276.2852131058826,-0.06230795423889651,-0.013257547944084624,0.0019809303461,5.0,33.67764499853365,True,True
8.985,61.74333563711942,-108.21099994581027,-0.1663536877237143,4.869242845490088,61.59431,-108.125215,5.0,464,0.02380897696711965,31.12361537661605,1276.0982539039483,-0.06026137463942231,-0.012627786656227435,0.0018132223881,5.0,35.68215099949157,True,True
9.035,62.0696009908981,-108.26609191138968,-0.16889918260803047,4.870456918262285,61.870952,-108.174751,5.0,467,0.024023968790410626,31.404657389738514,1275.8172118908258,-0.05647478507859206,-0.009659050231036304,0.0045268594896,5.0,35.302832002344076,True,True
9.084999999999999,62.23292500051383,-108.29400820901424,-0.16984311759121565,4.873497622637003,62.055583999999996,-108.20772099999999,5.0,469,0.024167443100410923,31.592210145450842,1275.6296591351136,-0.054967108949705294,-0.007917198550685622,0.0056089811226,5.0,35.27416799624916,True,True
9.136999999999999,62.55936305710367,-108.34927070675766,-0.17005477829902185,4.859233083231196,62.425614,-108.273949,5.0,473,0.024455007691498973,31.968120867751864,1275.2537484128125,-0.0561105960028941,-0.0055079770449353305,0.0064129872377,5.0,37.238760000036564,True,True
9.184,62.72225296316798,-108.3771000831418,-0.1686526311898634,4.861134505577941,62.609888,-108.30716899999999,5.0,475,0.024598246136194338,32.15536529517938,1275.066503985385,-0.06576719217502702,-0.00865287489125599,0.005446113351,5.0,34.37631999986479,True,True
9.232999999999999,62.88523193877504,-108.40473749017374,-0.16734127914781263,4.862659169746962,62.702118999999996,-108.32386799999999,5.0,476,0.024669948225421453,32.24909583429017,1274.9727734462742,-0.048770318095021484,-0.010857048695868787,0.0041136722071,5.0,33.436764002544805,True,True
9.283999999999999,63.211382213491014,-108.45947323328375,-0.16523753442209133,4.864685188416916,63.071762,-108.39096799999999,5.0,480,0.024957339276975687,32.624779701917404,1274.597089578647,-0.04742338748020833,-0.013068160252105887,0.00043925147658,5.0,34.208896999189164,True,True
9.332999999999998,63.37458905138288,-108.48672904439965,-0.1648687662198277,4.869307614060905,63.257027,-108.42451499999999,5.0,482,0.02510136821489243,32.81305747937142,1274.4088118011928,-0.05749369191287673,-0.013811059413457283,-0.00052302273431,5.0,33.45669200643897,True,True
9.382,63.70148258977346,-108.54089351864684,-0.16237288185244916,4.862467770902802,63.535497,-108.47482099999999,5.0,485,0.025317840694188184,33.09603503840422,1274.1258342421602,-0.0381026288871733,-0.01389114575447259,-0.0028343311242,5.0,32.784456001536455,True,True
9.434999999999999,63.86493765216472,-108.5675224046949,-0.1611825950532915,4.875019386046146,63.720863,-108.508117,5.0,487,0.025461911589638227,33.284367663663346,1273.937501616901,-0.038077558681665256,-0.014823783145488711,-0.0043227234812,5.0,35.93064499727916,True,True
9.484,64.1898103777909,-108.6201198978116,-0.16236571958761517,4.826642072281969,63.99865,-108.55793600000001,5.0,490,0.02567780382618414,33.56658671668406,1273.6552825638803,-0.03034260185664446,-0.01646666008013442,-0.0070603865338,5.0,35.12885700183688,True,True
9.535,64.35260331859365,-108.64664467931105,-0.16197493500039165,4.855379101276188,64.182051,-108.59081200000001,5.0,492,0.02582033841852082,33.75291105291556,1273.4689582276487,-0.02746184822970372,-0.015651025526481455,-0.0056074015315,5.0,35.73036099987803,True,True
9.584,64.6786005735724,-108.69975424963208,-0.16106410624584344,4.860218890219163,64.549384,-108.658705,5.0,496,0.026106101552381758,34.126466870932724,1273.0954024096316,-0.036809407184507294,-0.023658656661293964,-0.0080449237246,5.0,34.5180249933037,True,True
9.633999999999999,64.84183922701209,-108.72628405350325,-0.16201421598738933,4.863491955545153,64.64108,-108.675875,5.0,497,0.02617746639650745,34.219756555871626,1273.0021127246928,-0.016569844989459917,-0.023990578684475405,-0.0085279272216,5.0,34.91812299762387,True,True
9.683,65.16798225516759,-108.78062054971541,-0.16707755850227635,4.834445678959064,65.00859,-108.74463,5.0,501,0.026463482225536464,34.593642702538766,1272.6282265780255,-0.009221334655683148,-0.01992587765980547,-0.0058141813715,5.0,33.092671998019796,True,True
9.735999999999999,65.33103635645918,-108.80795013681188,-0.16912435170847923,4.867117520044638,65.19253499999999,-108.779044,5.0,503,0.026606638144231982,34.7807792501745,1272.44109003039,-0.024603308472853174,-0.017800245012155713,-0.0042686289396,5.0,36.27214299922343,True,True
9.787999999999998,65.65773996655167,-108.8636631030863,-0.17164268947754083,4.850973768689655,65.469452,-108.831071,5.0,506,0.026822180791377184,35.062541312285326,1272.159327968279,-0.0003524084521113764,-0.013238540793971687,-0.0016931789893,5.0,38.968642002146225,True,True
9.834,65.82018255445172,-108.8917245527654,-0.1700993596395963,4.855004149963275,65.653368,-108.86527,5.0,508,0.026965284983746573,35.24961024213633,1271.972259038428,0.0023872980287680872,-0.014153017855060401,-0.0018762661025,5.0,34.4869269974879,True,True
9.886,66.14584289512695,-108.94731541942284,-0.1684255660245413,4.859706321565715,66.021928,-108.93459399999999,5.0,512,0.027252170532168128,35.62463330501353,1271.5972359755508,0.04175356085142733,-0.016239216715689953,-0.0057235890516,5.0,36.063522995391395,True,True
9.933,66.30870433512365,-108.97508453187916,-0.1689982909253772,4.862828454817884,66.114365,-108.95185500000001,5.0,513,0.027324105364965053,35.71866809160871,1271.5032011889557,0.010238795363629382,-0.016152267646242002,-0.0064679133463,5.0,33.33551499963505,True,True
9.982,66.4716453558137,-109.00305322269149,-0.17030133641634881,4.8666626294157345,66.485093,-109.02102,5.0,517,0.027612598634980726,36.095792803313465,1271.1260764772508,0.02244201909398114,-0.01435460632610397,-0.0048979051048,5.0,32.858343998668715,True,True
10.032,66.79827964693024,-109.05945454701072,-0.1702794970801967,4.866296339442946,66.670888,-109.05559199999999,5.0,519,0.027757167999797144,36.284777038629485,1270.9370922419348,0.04313932831360286,-0.012484089065758042,-0.0045444204996,5.0,32.413603003078606,True,True
10.082999999999998,66.96152449704202,-109.0873785420249,-0.16935641043571098,4.880784334637947,66.763531,-109.07276200000001,5.0,520,0.027829245028638993,36.37899770700432,1270.84287157356,0.019410767017014288,-0.012879007713492818,-0.0053497247145,5.0,33.404002999304794,True,True
10.133999999999999,67.28614284511606,-109.14278701369463,-0.170289838463783,4.812526437781039,67.13403199999999,-109.14129799999999,5.0,524,0.02811747969426898,36.75578436540061,1270.4660849151637,0.027666465157848832,-0.012876350184083396,-0.0065619637357,5.0,34.65020200383151,True,True
10.184,67.44880232488087,-109.1704387088443,-0.1707023465432265,4.864868024437573,67.317504,-109.174954,5.0,526,0.028260174200265463,36.942317744265395,1270.2795515362989,0.04492479319511964,-0.01272889617230799,-0.0051892539978,5.0,34.451430998160504,True,True
10.232,67.77504308920155,-109.22658405708833,-0.1701807431196016,4.871366340844778,67.59317800000001,-109.22690800000001,5.0,529,0.028474772190634434,37.222844930379374,1269.999024350185,0.031397431389352685,-0.01818253447860263,-0.0053465783646,5.0,32.05920100299409,True,True
10.283999999999999,67.93844170140206,-109.25466718819112,-0.17108249124679667,4.876062678771956,67.77645600000001,-109.26218200000001,5.0,531,0.028617549509011835,37.40948656339955,1269.8123827171648,0.035625971656469205,-0.021298123714837303,-0.0053237739072,5.0,34.82850499858614,True,True
10.331999999999999,68.26540906152981,-109.31201001521234,-0.17556170286982617,4.883028275468613,68.051748,-109.315881,5.0,534,0.02883211174696924,37.68996701317925,1269.531902267385,0.04179791266379799,-0.019366413954303052,-0.0015256552867,5.0,32.611962997179944,True,True
10.382,68.42846061877455,-109.34104016859581,-0.17796588796295523,4.87939206352591,68.235738,-109.351949,5.0,536,0.02897553952057627,37.87745893550058,1269.3444103450638,0.044892466314198985,-0.01785925019089385,0.00025312100955,5.0,32.530370001040865,True,True
10.434,68.75569097999369,-109.39997885090823,-0.18067644384955378,4.864800969390692,68.60425,-109.424049,5.0,540,0.02926278922715633,38.25295803388646,1268.9689112466779,0.054980460642310776,-0.013955441400043789,0.0055590708792,5.0,34.06436799559742,True,True
10.484,68.91823914451939,-109.4296029434974,-0.17912516882000193,4.857372850980815,68.78798,-109.46037,5.0,542,0.029406059243949338,38.44024373305047,1268.7816255475138,0.06848117771762441,-0.013874771928191088,0.0061288347453,5.0,34.12419000233058,True,True
10.530999999999999,69.2440731087212,-109.48790427007701,-0.17588426423343873,4.868826636958282,69.06363499999999,-109.51446000000001,5.0,545,0.029620951437893006,38.721155508511316,1268.500713772053,0.05790324095937232,-0.015952261964512715,0.0025304590572,5.0,31.50887200172292,True,True
10.582999999999998,69.40700167014641,-109.51690199008476,-0.17598530924232905,4.870370492639022,69.24806600000001,-109.55022199999999,5.0,547,0.02976466555985522,38.909021751664774,1268.3128475288995,0.06244551740131559,-0.014612439182642767,0.0024099331465,5.0,33.16332300164504,True,True
10.633999999999999,69.73344609224941,-109.57562542864737,-0.1781702571404583,4.9013285787161465,69.525958,-109.60337,5.0,550,0.029981100775680305,39.191950599073785,1268.0299186814905,0.06450398524568429,-0.00994362070130661,0.0051901116659,5.0,34.56983199430397,True,True
10.684999999999999,69.89665667164397,-109.60498906030057,-0.17766171382370935,4.87340497503736,69.711961,-109.638442,5.0,552,0.030125896900021397,39.38123125939953,1267.8406380211648,0.06568913066578264,-0.006893266737298287,0.0067290921925,5.0,35.224084997025784,True,True
10.734,70.22287906114013,-109.66324944820848,-0.17609852770540407,4.872849932416312,70.083326,-109.707105,5.0,556,0.030414799312362153,39.758890810899274,1267.4629784696651,0.07660169665980882,-0.004302868947821281,0.0074640953776,5.0,35.01245000370545,True,True
10.785,70.38433306171079,-109.69200471165108,-0.17510800735228377,4.802897761654814,70.176158,-109.724026,5.0,557,0.030486984106280063,39.85325235213828,1267.368616928426,0.0681487581859793,-0.003902218762555254,0.0068495987449,5.0,35.20698200009065,True,True
10.834,70.70976242081487,-109.74974009441183,-0.1734119622611674,4.870509774416343,70.547057,-109.791,5.0,561,0.03077530383779114,40.23015021051466,1266.9917190700496,0.06976725420339927,-0.0029989330367872213,0.0065704101069,5.0,34.42729599919403,True,True
10.883999999999999,70.87293048322397,-109.77832098368691,-0.1733416415202877,4.873568395080094,70.73331,-109.823977,5.0,563,0.03091999989781796,40.41930006458045,1266.8025692159838,0.07788200457606584,-0.0011239106116933684,0.008084167336,5.0,34.31495599943446,True,True
10.934999999999999,71.03631567896807,-109.80688743058396,-0.17200876797209175,4.878490226787802,70.82637700000001,-109.840355,5.0,564,0.03099228840564696,40.51379718291218,1266.7080720976521,0.06914181918493807,-0.000543629426370984,0.0082786005588,5.0,35.06444599770475,True,True
10.982999999999999,71.36365352387415,-109.86285694437413,-0.16740571994202746,4.8846032031279405,71.198932,-109.905363,5.0,568,0.031281592194405385,40.89198142244292,1266.3298878581213,0.07029563275904194,-0.002703572704656043,0.006841002578,5.0,33.75005999987479,True,True
11.033,71.52703226306619,-109.89051806633766,-0.1681171530391661,4.881729885917731,71.385378,-109.937669,5.0,570,0.031426345111174425,41.08120560088555,1266.1406636796787,0.07790248089702306,-0.002251163516495236,0.0066763943207,5.0,33.446483001171146,True,True
11.084999999999999,71.85521960506735,-109.94615744086923,-0.16865952724270586,4.874577926114928,71.665717,-109.98518700000001,5.0,573,0.031643858095615304,41.36554333099915,1265.8563259495652,0.07027418513250104,-0.0007934489313039528,0.011204780285,5.0,35.316046996740624,True,True
11.136,72.01817718415312,-109.97385109206394,-0.16690485968214713,4.8593862141228215,71.852331,-110.01711399999999,5.0,575,0.03178868904166583,41.554869511025,1265.6669997695394,0.07101533160460939,0.002284806692069985,0.012980545275,5.0,36.38160799891921,True,True
11.184999999999999,72.3449603471417,-110.02801975188433,-0.16268958590081722,4.874228103440593,72.131275,-110.063814,5.0,578,0.03200504571994119,41.83769569243145,1265.3841735881329,0.07012364161549992,-0.0014979138590005547,0.0116300488,5.0,35.541748999094125,True,True
11.234,72.50845929410353,-110.05482949860149,-0.162052014740115,4.875688605339271,72.317626,-110.094827,5.0,580,0.03214956136361709,42.02660970229774,1265.1952595782666,0.07037379036867131,-0.0016608330857641462,0.012283877568,5.0,34.38598800130421,True,True
11.285,72.83607353225415,-110.10863312068294,-0.16149012478133912,4.905151566408318,72.692038,-110.15630700000001,5.0,584,0.032439815258001596,42.406035940681015,1264.8158333398833,0.07729307058784088,0.0009967359157849742,0.015394615106,5.0,35.39282999554416,True,True
11.334,72.99990491517279,-110.13515336432403,-0.16002563852324939,4.880238668630113,72.78613100000001,-110.171609,5.0,585,0.032512740242332805,42.50136507501571,1264.7205042055487,0.07006803478256685,0.0016441868389294179,0.015059158503,5.0,34.43314699688926,True,True
11.383999999999999,73.32774728566385,-110.18750594786972,-0.15668524621984395,4.883630075161469,73.160833,-110.230916,5.0,589,0.032802948600309384,42.880731787210706,1264.3411374933537,0.06952099019171447,0.0033598015544864523,0.01555820878,5.0,34.07528800016735,True,True
11.434999999999999,73.4904834957341,-110.21312851770422,-0.15494598088535166,4.812607858694468,73.347549,-110.25978500000001,5.0,591,0.03294748002631827,43.06966642808782,1264.1522028524764,0.0749424396954287,0.004276179159721227,0.015378456042,5.0,35.5117929939297,True,True
11.485999999999999,73.81774676950937,-110.26412866320008,-0.15184110802590994,4.883799064608521,73.625987,-110.30194499999999,5.0,594,0.03316290805442415,43.35127865768382,1263.8705906228804,0.0663790057639216,0.005967115816535973,0.014824600785,5.0,36.14780100178905,True,True
11.535,73.98197088164521,-110.28917356481429,-0.15074682669135753,4.8888711965146285,73.81222700000001,-110.329295,5.0,596,0.03330690620768872,43.53951619276728,1263.682353087797,0.06539968889342655,0.007012400630993287,0.015366185449,5.0,35.34992999630049,True,True
11.584,74.31106687771238,-110.33845154608889,-0.14560742834298904,4.89553574810416,74.091403,-110.36963999999999,5.0,599,0.03352268918084728,43.821592414298536,1263.4002768662658,0.06283051526474183,0.006144403218266259,0.015176815976,5.0,34.91359500185354,True,True
11.635,74.47591265235367,-110.36247828249255,-0.14389359673322794,4.8991780806268,74.277722,-110.396198,5.0,601,0.03366666037101845,44.00979470263664,1263.2120745779278,0.06184903196199432,0.004695444192042153,0.014134437747,5.0,35.44333400350297,True,True
11.684,74.80511617837315,-110.41010926038892,-0.1440670583576889,4.911072274083347,74.65100799999999,-110.44841100000001,5.0,605,0.03395499723378566,44.386714955365676,1262.8351543251986,0.06305760317756597,0.006359007830131436,0.016758060967,5.0,34.3048170034308,True,True
11.734,74.97038122385018,-110.43401319799048,-0.14266204451600195,4.895579231063389,74.837754,-110.47379199999999,5.0,607,0.03409916814775726,44.57517832702352,1262.6466909535409,0.07155919734679163,0.007007038963077861,0.018412487914,5.0,34.47699899697909,True,True
11.782,75.13452060447884,-110.4574756517209,-0.1406950411480592,4.880738334986782,74.931391,-110.487108,5.0,608,0.034171519359772584,44.669757413638905,1262.5521118669253,0.0578512989893425,0.00464681985859583,0.018085884395,5.0,32.79982499952894,True,True
11.834,75.46342155581242,-110.50300409502943,-0.13470980774011715,4.884538552320216,75.303824,-110.537283,5.0,612,0.03445899749976975,45.045555125183306,1262.176314155381,0.057011581070632776,0.004859576000888044,0.017112887043,5.0,34.1421929988428,True,True
11.885,75.62794788011294,-110.52515809765661,-0.13268364696130344,4.8854956252582715,75.490849,-110.56206599999999,5.0,614,0.03460331874484374,45.234215012945825,1261.9876542676184,0.06511968453098162,0.00375128556307347,0.016360299961,5.0,35.69432299991604,True,True
11.934,75.95772852539773,-110.56926354326406,-0.13201991771227528,4.910802932587865,75.77210600000001,-110.59878400000001,5.0,617,0.034820300801939146,45.51785870322242,1261.704010577342,0.053848921724178614,0.003704496640613897,0.01763805111,5.0,34.646915999474004,True,True
11.984,76.12256584087088,-110.59105089753476,-0.13040261185749646,4.8860307940653085,75.96016800000001,-110.62286499999999,5.0,619,0.034965339338826326,45.7074562505298,1261.5144130300346,0.05365693991040947,0.00621982799553189,0.019466458751,5.0,34.17971300223144,True,True
12.035,76.45224114197084,-110.63359343737068,-0.12664651170740812,4.888154858796823,76.24154200000001,-110.657901,5.0,622,0.035182247446890816,45.99100327301598,1261.2308660075482,0.050670405746391915,0.005889374423726945,0.019447265859,5.0,35.162780004611704,True,True
12.085999999999999,76.6159852957006,-110.6542785589784,-0.12491098194892478,4.807066977253748,76.428259,-110.680609,5.0,624,0.03532613491933608,46.17909612371193,1261.0427731568525,0.04952389284937551,0.007261934452741148,0.019848977243,5.0,36.960860998078715,True,True
12.136,76.94463717358681,-110.69549916885937,-0.12144154687543512,4.885649524103259,76.799962,-110.72400900000001,5.0,628,0.035612413322558954,46.55332551310759,1260.6685437674566,0.052684294294480793,0.01023064761078718,0.019873525634,5.0,36.17018299701158,True,True
12.184,77.10962425258003,-110.7155931510871,-0.12056762712746683,4.8904540713936235,76.98629100000001,-110.744758,5.0,630,0.035755832533116205,46.740806241622984,1260.4810630389413,0.06450948535062198,0.011338109223974602,0.021225680022,5.0,34.887305002484936,True,True
12.234,77.4400944954061,-110.75464844644912,-0.11353198021814721,4.894988697156222,77.265671,-110.775345,5.0,633,0.035970830017944405,47.021855655630716,1260.2000136249335,0.04066842308559308,0.009503788357130283,0.020384490861,5.0,35.01943199808011,True,True
12.283,77.60562886963666,-110.77333914168018,-0.11150882497513948,4.899080775811614,77.452247,-110.795478,5.0,635,0.03611438569283552,47.20951477330771,1260.0123545072565,0.042599716091410764,0.0066821188239001295,0.018725179758,5.0,33.61463799956255,True,True
12.332999999999998,77.9360903875943,-110.81032231668392,-0.11149721166316379,4.854769724339562,77.732487,-110.825106,5.0,638,0.03632995902720781,47.4913169504329,1259.7305523301313,0.037035910644169286,0.008458479911379158,0.019878336027,5.0,34.0710609962116,True,True
12.386,78.10199168660357,-110.82877540823556,-0.10907088938194694,4.909516569339922,77.919488,-110.84442,5.0,640,0.03647377226858173,47.67931276464901,1259.5425565159153,0.03562620897049628,0.00884346498325117,0.02268932325,5.0,36.20880499511259,True,True
12.436,78.43197220316691,-110.8640349108112,-0.10300658483596006,4.881777548254743,78.292982,-110.88221999999999,5.0,644,0.036760947923894005,48.0547150615982,1259.167154218966,0.04407957718753618,0.0075150537817281204,0.022581240074,5.0,36.94749600253999,True,True
12.484,78.59712720834533,-110.88081205161525,-0.09956453548706401,4.883237951889093,78.386333,-110.89148999999999,5.0,645,0.03683271090521165,48.1485252001814,1259.0733440803829,0.03181087001054339,0.004259926580128859,0.020251880308,5.0,35.035282002354506,True,True
12.535,78.92763452572868,-110.91290703665157,-0.09446484753949301,4.886790018296136,78.761125,-110.927725,5.0,649,0.03712075682755929,48.52506512923133,1258.696804151333,0.030685364203665178,0.002287035066544263,0.018839259177,5.0,35.35047100012889,True,True
12.585999999999999,79.09346963265642,-110.92872714184286,-0.09390805366024027,4.90692548173435,78.949146,-110.945291,5.0,651,0.03726521569804204,48.71390492393794,1258.5079643566264,0.03887755917592684,0.002023952294026188,0.019296047232,5.0,36.652884002251085,True,True
12.633999999999999,79.42453100480765,-110.9593431223675,-0.0902243862397301,4.883897159008197,79.137415,-110.962456,5.0,653,0.037409835387559806,48.90295494480413,1258.3189143357602,0.055397032262995125,0.004703528999030038,0.021054033522,5.0,34.852639997552615,True,True
12.684,79.58986137173643,-110.97417653005783,-0.08861729217527879,4.884784923149029,79.41928100000001,-110.987264,5.0,656,0.03762629114543643,49.18591064523216,1258.0359586353322,0.028267251712981053,0.003571746723541658,0.021418669474,5.0,34.30492700135801,True,True
12.735,79.75446024310813,-110.98857667934485,-0.08712371091508266,4.789717806485283,79.60636099999999,-111.003127,5.0,658,0.03776991742064296,49.37366205318544,1257.848207227379,0.03332217644014854,0.005750835758341566,0.021859419057,5.0,36.367100001371,True,True
12.783999999999999,80.0837250598582,-111.0173191353175,-0.08304157900334122,4.880540816344975,79.885245,-111.025718,5.0,661,0.03798395777916561,49.6534602907549,1257.5684089898093,0.024641567730504518,0.007109724052511535,0.018955954314,5.0,34.9207179970108,True,True
12.832999999999998,80.24913493384814,-111.03106099209971,-0.08258487025741129,4.882814477884802,80.071738,-111.039781,5.0,663,0.038127026460815214,49.8404828002164,1257.3813864803478,0.02328270364155367,0.008892638184257784,0.0206421094,5.0,33.103702997323126,True,True
12.886,80.58044688559933,-111.05778158108112,-0.07647326409417786,4.889269642371484,80.444724,-111.06676000000002,5.0,667,0.03841309928643066,50.214443454067805,1257.0074258264965,0.03724501720747412,0.010160823706353739,0.022147446337,5.0,36.072470000362955,True,True
12.931999999999999,80.74636043129223,-111.07021137783715,-0.07349345827562373,4.893309821610059,80.53809100000001,-111.07331299999998,5.0,668,0.03848469897593351,50.30804013401962,1256.9138291465447,0.018428234804552156,0.006773848294062912,0.019586455901,5.0,32.6470590007375,True,True
12.985,81.07777233130459,-111.09472756573847,-0.07370913399161122,4.871255175009422,80.912095,-111.09874599999999,5.0,672,0.03877146589173139,50.682908117736744,1256.5389611628275,0.016256852893151597,0.007139247414139405,0.021421763953,5.0,35.132423996401485,True,True
13.033,81.2440171702501,-111.1068352900256,-0.0710284194851329,4.9207549703253015,81.09912299999999,-111.11101799999999,5.0,674,0.03891484648020209,50.87033835861596,1256.3515309219483,0.026855712654291354,0.00854069997011786,0.023467916313,5.0,33.344272000249475,True,True
13.084,81.57513572066775,-111.12959113969208,-0.0659855960331244,4.8790545386189486,81.38005799999999,-111.128926,5.0,677,0.03913019283683464,51.15184382547592,1256.0700254550884,0.012300765826769727,0.006944979587268474,0.022158604582,5.0,34.214608000183944,True,True
13.135,81.7407017477255,-111.1403092668027,-0.06338462997592413,4.880520578749382,81.566965,-111.140353,5.0,679,0.03927344013103121,51.33909982116495,1255.8827694593992,0.011228707714037722,0.0058913444508847945,0.021546908124,5.0,35.577885995735414,True,True
13.183,82.07196017070623,-111.16066260149113,-0.05967956636905125,4.884095592458959,81.94235,-111.162143,5.0,683,0.03956108611975821,51.71511694823972,1255.5067523323246,0.037813485696761386,0.005010420075598265,0.022919988269,5.0,33.96497200446902,True,True
13.238,82.23806022065664,-111.17071462985936,-0.05931164382587598,4.908991568878523,82.036529,-111.167373,5.0,684,0.03963324227629794,51.809441054071684,1255.4124282264927,0.00862835475981699,0.004722386983852189,0.02277716128,5.0,38.20421399723273,True,True
13.286,82.56984557746688,-111.18975429901148,-0.05480993916851661,4.884264589422777,82.41356999999999,-111.187197,5.0,688,0.039922070229002966,52.18700327030722,1255.034866010257,0.011795188926384608,0.0080119920402697,0.024655040663,5.0,37.02178499952424,True,True
13.334,82.73554575863625,-111.19868363833865,-0.052798190271007635,4.88475099234223,82.602141,-111.19639099999999,5.0,690,0.040066494836033716,52.37579827508007,1254.8460710054842,0.032970291424309725,0.00691346244295854,0.023752489266,5.0,34.495593994506635,True,True
13.388,83.06476668605387,-111.2161496993915,-0.04880837543730932,4.869098750481384,82.883742,-111.209131,5.0,693,0.040282134805121855,52.657687558563076,1254.5641817220012,0.002721304512937081,0.007136232134586251,0.02271070808,5.0,38.160222000442445,True,True
13.434999999999999,83.23057447239097,-111.22431747146385,-0.04721237932044614,4.880160819368199,83.070048,-111.217096,5.0,695,0.040424786092501705,52.84416444110704,1254.3777048394572,0.005365422801533909,0.00930501794355365,0.02180066628,5.0,35.32207800162723,True,True
13.484,83.39636615872367,-111.23210240736151,-0.04642060347995099,4.882832442585145,83.257276,-111.22429,5.0,697,0.04056811768545906,53.031530633979706,1254.1903386465847,-0.0267015417408316,0.009977145837406276,0.022366997445,5.0,35.67355399718508,True,True
13.535,83.72848237041927,-111.24675400769343,-0.04019618121233002,4.890305313462227,83.537944,-111.23428600000001,5.0,700,0.040782959601395,53.312376684929305,1253.909492595635,-0.004590715924980959,0.010180056107741642,0.022383097388,5.0,35.188068002753425,True,True
13.581999999999999,83.8947327598814,-111.25314018536513,-0.03683791246781234,4.893032140229981,83.72529200000001,-111.240501,5.0,702,0.04092635612857796,53.49982776124176,1253.7220415193226,-0.00614805361934409,0.007881077947291537,0.020466827404,5.0,33.04174700315343,True,True
13.633,84.22696061843469,-111.26536460275932,-0.037027368373738656,4.892063331780651,84.10064399999999,-111.251944,5.0,706,0.04121362690969371,53.87535440872158,1253.3465148718428,-0.04059781768875458,0.007030399952191235,0.021027722263,5.0,33.31259300466627,True,True
13.684,84.39339411729532,-111.27095252667951,-0.033783870320725766,4.974036771642393,84.19461700000001,-111.254645,5.0,707,0.04128554416465226,53.96936621718202,1253.2525030633824,-0.00981438298466723,0.00872805968881929,0.023642707542,5.0,34.81339699646924,True,True
