t,x,y,yaw,v,vy,yaw_rate
9.487,-0.006303423568789879,3.235919623845055e-06,-1.6961969099559784e-06,0.00016862099964597512,-1.2693575280562184e-05,7.246190305839344e-07
9.521,-0.0063321122594584,3.2471470418598385e-06,-1.7022208056055633e-06,0.00016877812873085005,-1.2691155314443994e-05,7.214778211539299e-07
9.555,-0.006360795575223066,3.2583733447008633e-06,-1.708242666984106e-06,0.0001689371598863126,-1.269124860359793e-05,7.216250478402699e-07
9.589,-0.0063894734522648156,3.2695999146462598e-06,-1.7142648683124976e-06,0.00016909804314870912,-1.2690230967719097e-05,7.203600369137381e-07
9.623,-0.006418145828456456,3.280824340662123e-06,-1.7202845472381497e-06,0.00016926072858568719,-1.2694465961863636e-05,7.257712122554518e-07
9.657,-0.006446812643336353,3.2920513137025377e-06,-1.726305891676244e-06,0.00016942516857495267,-1.2694598916941997e-05,7.258391469622318e-07
9.691,-0.00647547383807634,3.303280334966889e-06,-1.7323303842776265e-06,0.0001695913155009566,-1.2690228832835068e-05,7.202811743366622e-07
9.724,-0.006504129355451416,3.314506662121842e-06,-1.738351955480788e-06,0.00016975912174863603,-1.2691130449330653e-05,7.215613730209347e-07
9.759,-0.006532779139811873,3.3257339629658314e-06,-1.7443736941041248e-06,0.00016992854200810535,-1.2691213822698006e-05,7.215543417321359e-07
9.793,-0.00656142313705399,3.336960024416637e-06,-1.7503945152580616e-06,0.00017009953087473593,-1.26935780274276e-05,7.245874128721658e-07
9.827,-0.0065900612945927195,3.348187145733633e-06,-1.756415038065607e-06,0.00017027204446861917,-1.2694476302107023e-05,7.257823448540818e-07
9.861,-0.006618693561334266,3.3594157611085357e-06,-1.762437966873115e-06,0.00017044603957945645,-1.2690727229543687e-05,7.212561689912984e-07
9.895,-0.0066473198876477735,3.370644785949601e-06,-1.768462296393318e-06,0.00017062147293864965,-1.269022682384203e-05,7.203954354016624e-07
9.929,-0.006675940225340349,3.3818732045722254e-06,-1.7744838359604327e-06,0.0001707983028322081,-1.2690395130660447e-05,7.204446805724383e-07
9.963,-0.006704554527629414,3.3930990574264e-06,-1.7805033087000093e-06,0.00017097648783934735,-1.2694520034424196e-05,7.257227754443965e-07
9.997,-0.00673316274911695,3.4043277677656257e-06,-1.786525347333795e-06,0.0001711559884173047,-1.2693565479700344e-05,7.246384225943383e-07
10.031,-0.006761764845765628,3.4155563451332433e-06,-1.7925474865905724e-06,0.00017133676441649117,-1.2693626934701824e-05,7.246183337351219e-07
10.065,-0.006790360774872273,3.4267861468386248e-06,-1.7985714016759475e-06,0.00017151877721383816,-1.2691146155717772e-05,7.21544477691197e-07
10.099,-0.0068189504950457724,3.438015561321465e-06,-1.8045928713646908e-06,0.000171701988316139,-1.2690254791396839e-05,7.203743987590679e-07
10.133,-0.006847533966179098,3.4492431155388e-06,-1.810613317767281e-06,0.00017188635996084303,-1.2693617830349025e-05,7.245468505316058e-07
10.167,-0.006876111149429209,3.4604716349220423e-06,-1.8166345251512567e-06,0.0001720718559376648,-1.2694475753916984e-05,7.257888864691616e-07
10.201,-0.006904682007191076,3.471701000606669e-06,-1.8226564332511634e-06,0.00017225844003768002,-1.2694521991103381e-05,7.257599489266774e-07
10.235,-0.006933246503077695,3.482932567923076e-06,-1.8286816436812256e-06,0.00017244607707335403,-1.269025028485447e-05,7.203845024149183e-07
10.269,-0.0069618046018964375,3.4941626472927702e-06,-1.8347030337667563e-06,0.00017263473153343112,-1.269041533477029e-05,7.204688260236028e-07
10.303,-0.006990356269624964,3.505390218375468e-06,-1.840722469042941e-06,0.00017282436924892768,-1.2694520525158941e-05,7.256909559996872e-07
10.337,-0.007018901473391792,3.516620518431309e-06,-1.8467447552669669e-06,0.00017301495752805357,-1.2693572869680445e-05,7.246329544194182e-07
10.371,-0.00704744018145409,3.5278506761922332e-06,-1.8527667146584123e-06,0.00017320646298450866,-1.2693606608623874e-05,7.245928442973396e-07
10.405,-0.007075972363177141,3.5390821946303866e-06,-1.858790774946658e-06,0.00017339885359405726,-1.2691166298667756e-05,7.215480712768666e-07
10.439,-0.0071044979890131366,3.5503128139552773e-06,-1.864812006767716e-06,0.00017359209728258734,-1.2691251345551e-05,7.215916815603887e-07
10.473,-0.0071330170304814144,3.5615423862714986e-06,-1.8708327902933731e-06,0.00017378616296900525,-1.2693613549290508e-05,7.245313105301769e-07
10.507,-0.0071615294601472534,3.572773350524994e-06,-1.8768550240268894e-06,0.00017398102054072778,-1.2693728845383373e-05,7.247093966132619e-07
10.541,-0.00719003525160411,3.584003534555332e-06,-1.882875839443878e-06,0.00017417663982622245,-1.2694486671880966e-05,7.257195457079868e-07
10.575,-0.007218534379452857,3.595236817497392e-06,-1.8889011482874304e-06,0.00017437299196894883,-1.2690273734984153e-05,7.204046236172422e-07
10.609,-0.00724702681928413,3.606468105203377e-06,-1.8949222279877667e-06,0.00017457004734503596,-1.2690294024097867e-05,7.204074175676443e-07
10.643,-0.007275512547658347,3.6176976342009135e-06,-1.9009422404573681e-06,0.00017476777766137945,-1.269451686153414e-05,7.256858764547411e-07
10.677,-0.007303991542087496,3.6289291246411267e-06,-1.9069637912314771e-06,0.00017496615594705446,-1.2694505863375422e-05,7.257954899913968e-07
10.711,-0.007332463781018039,3.6401631924788648e-06,-1.9129877676596438e-06,0.00017516515500683259,-1.269015986216329e-05,7.202103928782032e-07
10.745,-0.007360929243812375,3.6513950435351734e-06,-1.919011123368486e-06,0.00017536474735006672,-1.2690337270795722e-05,7.2047839012524e-07
10.779,-0.007389387910732292,3.6626267042584083e-06,-1.925031545074221e-06,0.00017556490716056,-1.2691194417125095e-05,7.215274154105249e-07
10.814,-0.007417839762920986,3.6738574336922916e-06,-1.9310526621549774e-06,0.00017576560855986681,-1.2694571238054774e-05,7.257586045003181e-07
10.847,-0.007446284782386514,3.685090240424732e-06,-1.9370740298193174e-06,0.00017596682697925239,-1.2693583213094685e-05,7.246033947569483e-07
10.881,-0.007474722951985258,3.6963249429919723e-06,-1.943098766720796e-06,0.00017616853753326864,-1.2690420318973466e-05,7.203718083095244e-07
10.915,-0.0075031542554059305,3.7075567874143308e-06,-1.9491201001902827e-06,0.0001763707153664948,-1.269119902901488e-05,7.216032018737676e-07
10.949,-0.007531578677153483,3.718790012206097e-06,-1.9551420570057616e-06,0.00017657333722026513,-1.2691329612332251e-05,7.215927947422159e-07
10.983,-0.007559996202533115,3.7300216236481158e-06,-1.961163073617716e-06,0.00017677637943661116,-1.2693580833196368e-05,7.245934955174539e-07
11.017,-0.007588406817634397,3.7412552906862723e-06,-1.967184439123594e-06,0.00017697981961806695,-1.2693744783647514e-05,7.246520723920535e-07
11.051,-0.0076168105093177285,3.752489598028099e-06,-1.9732084311207892e-06,0.00017718363531394612,-1.2691237044285628e-05,7.215141418561469e-07
11.085,-0.007645207265197573,3.7637236136955293e-06,-1.9792303187669626e-06,0.0001773878042051983,-1.2690310208437785e-05,7.204377127721182e-07
11.119,-0.007673597073628913,3.774955870182914e-06,-1.9852499535551394e-06,0.0001775923045077394,-1.2693516909155757e-05,7.244215574691992e-07
11.153,-0.007701979923692814,3.7861891526911678e-06,-1.9912723077223034e-06,0.0001777971156308731,-1.269449281970247e-05,7.257574185104996e-07
11.187,-0.0077303558051812216,3.7974231878919327e-06,-1.9972936572894194e-06,0.00017800221676756594,-1.2694500202459006e-05,7.257063477881006e-07
11.221,-0.007758724708584297,3.808659526322167e-06,-2.0033193256294108e-06,0.000178207587855131,-1.269031578225343e-05,7.203978575927649e-07
11.255,-0.0077870866250757675,3.819893876533175e-06,-2.009340307967599e-06,0.0001784132082571872,-1.2690323104658064e-05,7.204276523341284e-07
11.289,-0.007815441546501156,3.831127254733282e-06,-2.015361521515133e-06,0.00017861905850861557,-1.2693777904377543e-05,7.245948529926958e-07
11.323,-0.007843789465360684,3.84236103655873e-06,-2.021382011165263e-06,0.0001788251199731424,-1.2694499553438918e-05,7.257649041580458e-07
11.357,-0.007872130374801722,3.853598326156912e-06,-2.027406324304605e-06,0.00017903137416339294,-1.269028434730857e-05,7.202604336464145e-07
11.391,-0.007900464268601137,3.8648330065175e-06,-2.033429275294164e-06,0.00017923780180146144,-1.2690319275831182e-05,7.204611714719182e-07
11.425,-0.007928791141155966,3.876068590450373e-06,-2.039451079646259e-06,0.0001794443853057109,-1.2690483969511914e-05,7.204653036772304e-07
11.459,-0.007957110987469096,3.887301453607646e-06,-2.0454710376716912e-06,0.000179651106598646,-1.2694496379343391e-05,7.257178928150957e-07
11.493,-0.007985423803137714,3.898537247894246e-06,-2.0514923572943176e-06,0.00017985794914436115,-1.269462897149122e-05,7.257850153492878e-07
11.527,-0.00801372958434221,3.909774825367267e-06,-2.0575175605394723e-06,0.00018006489597211244,-1.2690358282110703e-05,7.203670737870307e-07
11.561,-0.008042028327833961,3.921010727865638e-06,-2.0635393334294767e-06,0.00018027192970259689,-1.2690431607401959e-05,7.20513338883178e-07
11.595,-0.008070320030922895,3.932244784942754e-06,-2.0695584048797512e-06,0.00018047903408533372,-1.2694523138786438e-05,7.256055161510953e-07
11.629,-0.008098604691467393,3.94348062828155e-06,-2.075581135949022e-06,0.0001806861938619548,-1.2694543054767522e-05,7.257927278994879e-07
11.663,-0.008126882307862293,3.954718342492108e-06,-2.0816036417183336e-06,0.00018089339347885562,-1.2689916315079269e-05,7.201158145292898e-07
11.697,-0.008155152879028793,3.965955443286809e-06,-2.087628274329306e-06,0.00018110061679251855,-1.2690366750724297e-05,7.204685319787769e-07
11.731,-0.007117751983793386,4.020921995853448e-06,-2.150073728744081e-06,0.07175461608280977,-1.2308707760605055e-05,1.0670480768267556e-07
11.765,-0.0033258727831342316,4.027806503523644e-06,-2.1482224349607263e-06,0.15298645708265796,-1.2252516222897754e-05,1.1597767338967039e-06
11.799,0.0032038121693662713,4.029247766773343e-06,-2.160627980289873e-06,0.23281120456855384,-1.245627566146102e-05,3.2676440650533535e-07
11.833,0.012423998674599979,4.024482948738348e-06,-2.1691596468493062e-06,0.3112567380496898,-1.2622805004956184e-05,8.04197280765729e-07
11.867,0.024288184169625193,4.014010418134414e-06,-2.179431878427807e-06,0.3883459525700401,-1.2821609323810502e-05,4.751005608723419e-07
11.901,0.03875063815327162,3.997518977806292e-06,-2.191575073467147e-06,0.464101367632855,-1.2994757758640745e-05,6.031732420450953e-07
11.935,0.05576638947329593,3.975258086105923e-06,-2.2041383114533913e-06,0.5385451327625957,-1.318364553861849e-05,4.720384867587891e-07
11.969,0.07529121384574122,3.94709332698009e-06,-2.2189350470633642e-06,0.6116990333095172,-1.3362011766772562e-05,4.771655883834612e-07
12.003,0.09728162157824594,3.913107363510993e-06,-2.2345029861744604e-06,0.6835844965948304,-1.3546420773863674e-05,4.1394476280670574e-07
12.037,0.12169484549500964,3.873241650387934e-06,-2.2518358043707608e-06,0.7542225976672828,-1.372770278351797e-05,3.8535314162218806e-07
12.071,0.14848882905947958,3.827502168220234e-06,-2.2701992018700136e-06,0.8236340651471412,-1.391135003266951e-05,3.4352236840591895e-07
12.105,0.17762221469188488,3.7758495003419115e-06,-2.2899818139419384e-06,0.891839286865321,-1.4094804856929633e-05,3.080874791362449e-07
12.139,0.20905433227822212,3.7182553717846588e-06,-2.3109190900550705e-06,0.9588583154728423,-1.4279706154042568e-05,2.7097706589181934e-07
12.173,0.24274518475631823,3.6546672971917765e-06,-2.3331661956139763e-06,1.0247091908412644,-1.4468621664314984e-05,2.365277237872723e-07
12.207,0.2786537237888178,3.5849378953416043e-06,-2.356507244571655e-06,1.089283501726419,-1.4656923411333292e-05,1.9674849014037717e-07
12.241,0.3167350980631145,3.509135790896372e-06,-2.3814058590164705e-06,1.152529068183226,-1.48470120853075e-05,1.5291628294657174e-07
12.275,0.3569445922920029,3.4271968090778565e-06,-2.4077487958756854e-06,1.2144730628243063,-1.50388936143423e-05,1.072496781143322e-07
12.309,0.39923841050730335,3.3390524046621427e-06,-2.4357856328619077e-06,1.275142271590763,-1.5232764332331069e-05,5.541894260518315e-08
12.343,0.4435736580456793,3.2446180247067537e-06,-2.4656197576498383e-06,1.3345629291329548,-1.542915641298638e-05,3.9348015072219714e-11
12.377,0.4899083230010557,3.1437935786603677e-06,-2.4974542584682645e-06,1.3927607302006082,-1.562861405334206e-05,-6.178232474829572e-08
12.411,0.5382012580577797,3.036459011218395e-06,-2.531472539048133e-06,1.4497608407544984,-1.583168034042346e-05,-1.2889936712885804e-07
12.445,0.588412162697651,2.922474729331577e-06,-2.567887024699593e-06,1.5055879088486535,-1.6039023262896644e-05,-2.0273792279459653e-07
12.479,0.6405015657731226,2.8016781724718255e-06,-2.6069189772467476e-06,1.5602660752886874,-1.6251302909527882e-05,-2.830568439483057e-07
12.513,0.6944308084391383,2.6738830984720237e-06,-2.6488021725907383e-06,1.6138189840708583,-1.6469276862268735e-05,-3.7055654330149927e-07
12.547,0.7501620274362325,2.538877100430493e-06,-2.693782626467782e-06,1.6662697926061183,-1.6693725759547933e-05,-4.6535602673910514e-07
12.581,0.8076581387176512,2.396420237516103e-06,-2.742115465944399e-06,1.7176411817339596,-1.692550065078225e-05,-5.678521876618298e-07
12.615,0.8668828214134242,2.246243049977166e-06,-2.794066154924604e-06,1.7679553655300597,-1.7165492073647226e-05,-6.782479828026666e-07
12.649000000000001,0.9278005021244518,2.088044992534514e-06,-2.8499075154241347e-06,1.8172341009120785,-1.741464541306539e-05,-7.967887891920875e-07
12.683,0.9903763395398129,1.921492751699352e-06,-2.9099194660674035e-06,1.8654986970478888,-1.7673948318234454e-05,-9.23631973503386e-07
12.717,1.0545762093706421,1.7462187822582142e-06,-2.9743863872025016e-06,1.9127700245700197,-1.794443174640285e-05,-1.058893628456098e-06
12.751,1.1203666895940634,1.5618199476842212e-06,-3.0435954267230524e-06,1.9590685246006299,-1.82271621378854e-05,-1.2026129485332611e-06
12.785,1.1877150460008021,1.3678563845057867e-06,-3.117833636961686e-06,2.0044142175906474,-1.852323623783588e-05,-1.3547503711916882e-06
12.818999999999999,1.2565892180402138,1.1638506012059252e-06,-3.1973852011047467e-06,2.048826711977047,-1.8833772449984508e-05,-1.5151742941713203e-06
12.853,1.3269578049566237,9.492868745103369e-07,-3.28252803816245e-06,2.092325212661969,-1.9159901870957263e-05,-1.683650555057868e-06
12.887,1.3987900522109786,7.236109872760386e-07,-3.373530211484759e-06,2.134928529317311,-1.9502757212855925e-05,-1.8598338289601485e-06
12.921,1.4720558381819284,4.862303600320527e-07,-3.47064595810437e-06,2.176655084518455,-1.9863460809014335e-05,-2.0432582486973514e-06
12.955,1.5467256611406,2.3651461812115924e-07,-3.57411148840448e-06,2.21752292171056,-2.0243110896232737e-05,-2.233330892809058e-06
12.989,1.6227706264934252,-2.6203355869941645e-08,-3.6841405465786615e-06,2.2575497130110076,-2.064276685301552e-05,-2.429325575350616e-06
13.023,1.7001624342875095,-3.026258438242665e-07,-3.800919814593594e-06,2.29675276685111,-2.1063433254128566e-05,-2.6303789721898944e-06
13.057,1.7788733669731303,-5.93488155625537e-07,-3.924604200589264e-06,2.335149035460713,-2.1506042845212262e-05,-2.8354882494513075e-06
13.091,1.8588762774180876,-8.995558987590429e-07,-4.055312089879249e-06,2.3727551221987424,-2.1971438882261595e-05,-3.0435108808857375e-06
13.125,1.9401445771687063,-1.221621633370042e-06,-4.193120620672926e-06,2.4095872887328014,-2.2460356790138617e-05,-3.2531663285487442e-06
13.159,2.022652224952432,-1.560500896741344e-06,-4.338061059828207e-06,2.44566146207112,-2.2973405417690716e-05,-3.4630402828757744e-06
13.193,2.106373715417036,-1.917027588824469e-06,-4.490114359308164e-06,2.4809932414497293,-2.3511048389674153e-05,-3.671590908304826e-06
13.227,2.191284068101563,-2.2920487221479374e-06,-4.649206965282544e-06,2.515597905077903,-2.4073585561737033e-05,-3.877157505834667e-06
13.261,2.277358816634258,-2.686418547940939e-06,-4.8152069636615675e-06,2.5494904167448325,-2.466113507319609e-05,-4.077971410621682e-06
13.295,2.3645739981527916,-3.1009920821869253e-06,-4.9879206299630285e-06,2.5826854322902553,-2.527361609386153e-05,-4.2721689926588245e-06
13.329,2.4529061429422163,-3.53661806349962e-06,-5.167089461088492e-06,2.6151973059420177,-2.5910732878790303e-05,-4.457806779762349e-06
13.363,2.5423322642861703,-3.9941313866847225e-06,-5.352387748714041e-06,2.6470400965230705,-2.657195997803409e-05,-4.632878279383549e-06
13.397,2.6328298485269412,-4.47434506617475e-06,-5.5434207534465e-06,2.6782275735309264,-2.725652954510716e-05,-4.795332268890066e-06
13.431,2.7243768453300894,-4.978041790251605e-06,-5.739723524341369e-06,2.7087732230917747,-2.796342022898318e-05,-4.943092468543895e-06
13.465,2.816951658149425,-5.50596513933526e-06,-5.940760399538499e-06,2.7386902537922206,-2.8691348493776917e-05,-5.074077855051764e-06
13.499,2.910533134888204,-6.058810543621755e-06,-6.1459252085926425e-06,2.7679916023909223,-2.943876220693365e-05,-5.186223520547764e-06
13.533,3.0051005587525244,-6.637216065441659e-06,-6.354542182313063e-06,2.796689939412801,-3.0203836682732468e-05,-5.277501410647207e-06
13.567,3.100633639292952,-7.241753094203774e-06,-6.565867557045453e-06,2.8247976746278853,-3.09844735855032e-05,-5.3459403844151324e-06
13.600999999999999,3.1971125036305015,-7.87291703836369e-06,-6.779091847933373e-06,2.852326962417667,-3.17783020350924e-05,-5.389645363998189e-06
13.635,3.294517687863185,-8.531118107378017e-06,-6.9933427377750385e-06,2.879289707030831,-3.258268253883055e-05,-5.406814426570985e-06
13.669,3.3928301286494214,-9.216672265562941e-06,-7.207688511714109e-06,2.9056975677308463,-3.339471322215418e-05,-5.3957537461881936e-06
13.703,3.4920311549646383,-9.929792437685779e-06,-7.421141940975257e-06,2.931561963837774,-3.4211238149638425e-05,-5.354889020366902e-06
13.737,3.5921024800275307,-1.0670580031573319e-05,-7.632664489936702e-06,2.956894079666014,-3.5028857613349664e-05,-5.2827730447945835e-06
13.771,3.6930261933924613,-1.1439016836507144e-05,-7.841170695031577e-06,2.981704869360744,-3.584393950393014e-05,-5.178088093293711e-06
13.805,3.7947847532046204,-1.2234957331418886e-05,-8.045532510403e-06,3.0060050616346574,-3.665263168941191e-05,-5.039641678886276e-06
13.839,3.8973609786145365,-1.305812141470933e-05,-8.244583386137986e-06,3.029805164407209,-3.7450873956975544e-05,-4.866354720133811e-06
13.873,4.000738042348721,-1.390808753835901e-05,-8.43712176029788e-06,3.053115469348439,-3.823440905296218e-05,-4.657238934998522e-06
13.907,4.104899463433193,-1.4784286185543926e-05,-8.62191357369096e-06,3.075946056329308,-3.899879101347327e-05,-4.411361482100694e-06
13.941,4.2098291000667425,-1.568599358045494e-05,-8.797693284785929e-06,3.098306797780325,-3.97393890933456e-05,-4.127791799511619e-06
13.975,4.3155111426408785,-1.661232544548157e-05,-8.963162687144235e-06,3.120207362960698,-4.045138489491658e-05,-3.805524672161564e-06
14.009,4.4219301069034005,-1.7562230523739873e-05,-9.116986564175903e-06,3.1416572221393793,-4.1129759063168066e-05,-3.443369877893851e-06
14.043,4.529070827262682,-1.853448345207083e-05,-9.257783798597074e-06,3.1626656506901765,-4.17692624653413e-05,-3.0397933238663946e-06
14.077,4.636918450229728,-1.952767636312142e-05,-9.384111907977134e-06,3.183241733102652,-4.23643650446488e-05,-2.5926856581225623e-06
14.111,4.745458427995201,-2.0540208306025373e-05,-9.494441905130158e-06,3.2033943669103997,-4.2909170408965034e-05,-2.099018687941935e-06
14.145,4.854676512138636,-2.1570271111183604e-05,-9.587118595137369e-06,3.2231322665383506,-4.339727879948181e-05,-1.554321853619498e-06
14.179,4.964558747467099,-2.2615829592170333e-05,-9.660298319377565e-06,3.242463967071151,-4.382156927950023e-05,-9.518600582225236e-07
14.213,5.075091465980643,-2.3674592746358104e-05,-9.711850602311374e-06,3.2613978279437097,-4.417385125892285e-05,-2.8129632689121924e-07
14.247,5.186261280961974,-2.474397050741444e-05,-9.739199838517007e-06,3.2799420365555854,-4.444429744052821e-05,4.735680338890875e-07
14.281,5.298055081187386,-2.5821163165069078e-05,-9.746536877278795e-06,3.298104611844808,-4.461057304145414e-05,5.800883141349732e-07
14.315,5.410460025257279,-2.6905369583747918e-05,-9.76139077553129e-06,3.3158934075846713,-4.488903347538245e-05,4.779493878145783e-07
14.349,5.52346353604361,-2.799708520293534e-05,-9.772102474239078e-06,3.3333161161156695,-4.5070344674968295e-05,5.569965116451712e-07
14.383,5.63705329525138,-2.9095767543749324e-05,-9.784913503369403e-06,3.3503802713506956,-4.530201634702002e-05,5.199888764505078e-07
14.417,5.751217238091818,-3.0201528677068226e-05,-9.796818116855883e-06,3.3670932522041013,-4.550927569160297e-05,5.241493921027534e-07
14.451,5.86594354806531,-3.13141593753582e-05,-9.808690737812153e-06,3.383462285721908,-4.571956072364632e-05,5.268291439931092e-07
14.485,5.981220651851708,-3.2433627236802305e-05,-9.820595994652538e-06,3.399494450216683,-4.596594656876341e-05,6.02181216675081e-07
14.519,6.097037214305796,-3.355972143950613e-05,-9.83219567874273e-06,3.4151966783446217,-4.610342021065187e-05,5.224746529294978e-07
14.553,6.213382133555627,-3.4692398692992045e-05,-9.844369801060038e-06,3.4305757600705853,-4.631597382284325e-05,5.36160963966042e-07
14.587,6.330244536201954,-3.583163365032385e-05,-9.855898509665023e-06,3.4456383456367705,-4.65467326938776e-05,5.987756930347212e-07
14.621,6.447613772616371,-3.6977148692391545e-05,-9.867129678159392e-06,3.46039094843581,-4.668711882181054e-05,5.505906191872676e-07
14.655,6.565479412335993,-3.812900333062765e-05,-9.878557464477262e-06,3.474839947789592,-4.683635062261216e-05,5.22641332654927e-07
14.689,6.683831239553342,-3.928690874357867e-05,-9.890006391725367e-06,3.4889915917601573,-4.7051090582946736e-05,5.403046486653881e-07
14.723,6.8026592486987,-4.045092670212925e-05,-9.90079380400509e-06,3.5028519998188004,-4.722104852206085e-05,5.536655057870636e-07
14.757,6.921953640113478,-4.162087546213162e-05,-9.912066849411448e-06,3.5164271654959154,-4.7391184898193464e-05,5.238507697664691e-07
14.791,7.041704815812626,-4.2796692662229184e-05,-9.923032536391726e-06,3.5297229589796704,-4.757179478102254e-05,5.471011378237485e-07
14.825,7.1619033753342976,-4.3978312517048e-05,-9.933894746336227e-06,3.54274512965726,-4.772066045176748e-05,5.250888670706144e-07
14.859,7.282540111674923,-4.5165535441899605e-05,-9.944827361473843e-06,3.555499308584294,-4.791816612438284e-05,5.711955885628386e-07
14.893,7.4036060073078644,-4.635832808403374e-05,-9.954744011083973e-06,3.5679910109498088,-4.807886127966758e-05,5.482558717202628e-07
14.927,7.525092230284031,-4.755674332215935e-05,-9.965649707007104e-06,3.5802256383950306,-4.836584461106386e-05,7.415719009473577e-07
14.961,7.646990130412794,-4.876034972656173e-05,-9.975972424152657e-06,3.592208481501717,-4.8372860695993986e-05,5.483474247998486e-07
14.995,7.769291235521453,-4.996930098233057e-05,-9.986086101275195e-06,3.603944721840937,-4.859481103291738e-05,6.2685766351212e-07
15.029,7.891987247791611,-5.118345363255375e-05,-9.996364531031119e-06,3.6154394344375893,-4.869552431672367e-05,5.623017303021528e-07
15.063,8.015070040171134,-5.240275583471372e-05,-1.000660581532424e-05,3.62669758984164,-4.8845788573484666e-05,5.47435403514616e-07
15.097,8.138531652859786,-5.362709799280913e-05,-1.0016724412251719e-05,3.637724056320386,-4.900486957166426e-05,5.547154397453042e-07
15.131,8.26236428986723,-5.485656795871e-05,-1.0026523552278356e-05,3.6485236019334892,-4.9270810517636264e-05,7.487611101151328e-07
15.165,8.386560315641988,-5.6090669185077915e-05,-1.0036597145332695e-05,3.65910089668575,-4.92856560742275e-05,5.577664965735265e-07
15.199,8.511112251769461,-5.73297710870489e-05,-1.0046174408462085e-05,3.6694605143705434,-4.9399992188648494e-05,5.883718841733753e-07
15.233,8.636012773738349,-5.8573421625756426e-05,-1.005509064553607e-05,3.6796069347322873,-4.9541463117395404e-05,5.307527309006695e-07
15.267,8.761254707773153,-5.982182754213605e-05,-1.0065439648566001e-05,3.689544545273778,-4.9717688769686886e-05,6.161965211862281e-07
15.301,8.886831027732239,-6.107471912370791e-05,-1.0074925357706622e-05,3.699277643260245,-4.982378871932597e-05,5.498698500090748e-07
15.335,9.012734852069446,-6.233230010635853e-05,-1.0084281334829792e-05,3.708810437443153,-5.013770817186116e-05,8.060181836228176e-07
15.369,9.138959440858466,-6.35941181862789e-05,-1.009407514668461e-05,3.7181470500732976,-5.013150631847415e-05,6.057884490518569e-07
15.403,9.26549819287835,-6.486046194624948e-05,-1.010321861264331e-05,3.7272915184434328,-5.024215157543388e-05,6.329557026627109e-07
15.437,9.392344642759044,-6.613098406517453e-05,-1.0112116135763377e-05,3.736247796839189,-5.0323608403642616e-05,5.519387860609353e-07
15.471,9.519492458185482,-6.740577409403713e-05,-1.0121726518592913e-05,3.7450197581290823,-5.045404953461977e-05,5.78736172317398e-07
15.505,9.64693543715949,-6.868468560957647e-05,-1.0130247169568112e-05,3.7536111955101,-5.058461080219097e-05,5.878882802233753e-07
15.539,9.774667505317783,-6.99677591540326e-05,-1.0139646278113222e-05,3.762025824074975,-5.088932287864409e-05,7.569059709637093e-07
15.573,9.902682713305321,-7.125486343582507e-05,-1.015000247306903e-05,3.7702672825342,-5.0875486446941644e-05,6.047405208887346e-07
15.607,10.030975234202826,-7.254617579844861e-05,-1.0158743405258754e-05,3.7783391346182404,-5.112607395607718e-05,8.342726006251684e-07
15.641,10.159539361007106,-7.384121958631684e-05,-1.0167288696676861e-05,3.786244870815129,-5.1200138976611866e-05,7.308842663832719e-07
15.675,10.288369504162976,-7.514019083462314e-05,-1.0175979016682126e-05,3.7939879096962814,-5.1348163825386725e-05,8.170605604818625e-07
15.709,10.417460189146377,-7.644285417617459e-05,-1.01848214945735e-05,3.8015715995396815,-5.142397881533926e-05,7.432130493652447e-07
15.743,10.54680605409704,-7.774926985629194e-05,-1.0193709333030907e-05,3.8089992196911044,-5.138665535399382e-05,5.684462805870642e-07
15.777,10.676401847499884,-7.905939298051142e-05,-1.020255604541715e-05,3.8162739819818636,-5.156122138728809e-05,6.388677761368747e-07
15.811,10.806242425914228,-8.037321145021576e-05,-1.021083271951729e-05,3.82339903220181,-5.15955651731947e-05,5.851526490266268e-07
15.845,10.936322751749653,-8.169045221145098e-05,-1.0219589399221376e-05,3.8303774513616,-5.1735978818963496e-05,5.684796544068984e-07
15.879,11.066637891087492,-8.301137680413017e-05,-1.0228340434655309e-05,3.837212257074427,-5.186711083337435e-05,6.257137395619983e-07
15.913,11.197183011547482,-8.433572442861348e-05,-1.0236515190649961e-05,3.843906404867272,-5.192513446207006e-05,5.982058678675992e-07
15.947,11.32795338019809,-8.566344370432877e-05,-1.0244475431735575e-05,3.8504627894235752,-5.2065993677954546e-05,6.422128942625918e-07
15.981,11.458944361509829,-8.699448754999772e-05,-1.0252823443238739e-05,3.8568842458642663,-5.2162482595986136e-05,6.365592477425627e-07
16.015,11.590151415350805,-8.832891139474383e-05,-1.0260417220770014e-05,3.8631735509487437,-5.2376753227960094e-05,8.163779631092032e-07
16.049,11.721570095023461,-8.966639932952254e-05,-1.0268638667881068e-05,3.86933342434954,-5.233675235914733e-05,6.377762768166291e-07
16.083,11.853196045341718,-9.100707918511827e-05,-1.0276600778035931e-05,3.8753665296840647,-5.245231870709436e-05,6.398929709817657e-07
16.117,11.985025000747717,-9.235099169485165e-05,-1.02845029221432e-05,3.8812754758056394,-5.2486206686964166e-05,6.038851131548562e-07
16.151,12.117052783467312,-9.369799425282962e-05,-1.0292011821636774e-05,3.887062817854912,-5.274814364807559e-05,8.009074895049667e-07
16.185,12.24927530170351,-9.50478891898591e-05,-1.0300305906360113e-05,3.892731058446949,-5.268615929807261e-05,6.010447284619378e-07
16.219,12.381688547867,-9.640094717051826e-05,-1.030818578226103e-05,3.898282648602765,-5.276370049113797e-05,5.916246713418032e-07
16.253,12.514288596843365,-9.775694533456949e-05,-1.0315811426015201e-05,3.903719988961789,-5.28888959203155e-05,6.320822980125127e-07
16.287,12.647071604295636,-9.911583091890949e-05,-1.032368902747564e-05,3.9090454307438662,-5.2987006318873545e-05,6.227174038337736e-07
16.321,12.780033805001949,-0.00010047765335621339,-1.0331143076740054e-05,3.914261276785068,-5.3071134843753e-05,6.772124306848874e-07
16.355,12.913171511227368,-0.00010184232092221216,-1.0339246142348654e-05,3.91936978251899,-5.32333751274913e-05,7.089588364130433e-07
16.389,13.04648111112925,-0.00010320987294430052,-1.0348390510833597e-05,3.924373156997077,-5.319226639117578e-05,5.707976251553547e-07
16.423,13.179959067195446,-0.00010458035296335778,-1.0356720537310348e-05,3.929273563755593,-5.332631949615606e-05,6.419791997253221e-07
16.457,13.31360191471471,-0.00010595363227815412,-1.0363739429636775e-05,3.93407312185348,-5.335084509049534e-05,6.311294281078339e-07
16.491,13.447406260278226,-0.00010732951359522162,-1.0371861839553587e-05,3.9387739067081196,-5.348604405265706e-05,6.569562966983356e-07
16.525,13.581368780312397,-0.00010870811799264102,-1.0379140906414243e-05,3.943377951051376,-5.351416094001159e-05,6.224347331145838e-07
16.559,13.71548621964158,-0.0001100892836792189,-1.0386217267882495e-05,3.947887245759498,-5.359052447298742e-05,5.996513480116216e-07
16.593,13.84975539008054,-0.0001114731083331771,-1.0394087290117115e-05,3.9523037407310637,-5.382793801658061e-05,8.071829882605029e-07
16.627,13.98417316905574,-0.00011285939946520547,-1.0400527144002267e-05,3.956629345786927,-5.389925153465601e-05,8.315073937105715e-07
16.661,14.1187364982551,-0.0001142480716627041,-1.0407982570120757e-05,3.960865931400159,-5.394052274511825e-05,7.247724484699005e-07
16.695,14.253442382305693,-0.00011563936155725279,-1.0416161487028144e-05,3.965015329545866,-5.4013995127309494e-05,7.570627269335888e-07
16.729,14.388289782135804,-0.00011647605247420032,0.00011757651248273015,3.969179975118621,0.0009627755801074889,0.014293654748602613
16.763,14.523272153683802,-4.1814561517240084e-05,0.0012626199393431534,3.9729244897755445,0.005855332629637541,0.050413188960289484
16.797,14.65837639701547,0.000264393905485365,0.0034704534387218185,3.9762912156626076,0.014588112811168008,0.07996178853164672
16.831,14.793583858326114,0.0009409031806805112,0.006783824153637136,3.97904827729493,0.027883788431076306,0.11331490568186442
16.865,14.928881150168543,0.0021386175869511238,0.011114831791830506,3.9815640762123192,0.04505440574582226,0.14043098658657915
16.899,15.064257975706079,0.003983662462841424,0.016328446099241577,3.983747354986567,0.06583708875392538,0.165018267495832
16.933,15.199707254951608,0.006589040060145105,0.022284518554724034,3.9858275631117537,0.0895346395460776,0.1842888109546277
16.967,15.33522479850881,0.010044641832833302,0.02882929120830699,3.9877580330114077,0.11564470954068698,0.19984700754087031
17.001,15.47080655983694,0.01442298317949392,0.035832821779933355,3.9896009860369657,0.14360239073022424,0.21142505678011542
17.035,15.606448917152573,0.01977873158132072,0.04317460543336098,3.991309635016302,0.17296585541109197,0.21996613145805669
17.069,15.742146981574411,0.026152541707692906,0.05075990106292624,3.992869568631308,0.20334195137221317,0.2258857901224002
17.103,15.877895055707034,0.03357310966572702,0.05851013263525609,3.9942390192816988,0.23442709309318058,0.22982965416315956
17.137,16.013686113731463,0.04205997212447284,0.06636699150613684,3.995389004758213,0.265981217364872,0.23226015688740312
17.171,16.14951222264832,0.05162563051543097,0.074286425265351,3.9962905898860392,0.29782741276764674,0.23360941302695143
17.205,16.28536454626741,0.0622774806214834,0.08223796606086876,3.9969224483080694,0.32983798920983315,0.23421237611717707
17.239,16.42123364627254,0.07401934027950041,0.09020088010623552,3.9972685094762617,0.36192559233630567,0.234331128292102
17.273,16.557109603518043,0.08685264313092989,0.09816239770969717,3.9973174286908932,0.3940336540194196,0.23416317516418256
17.307,16.69298219396405,0.10077734692637201,0.10611528977760792,3.997061866155303,0.4261282779483505,0.23384737490167415
17.341,16.828840983449865,0.11579257786553221,0.11405635398995975,3.9964970301357297,0.45819177741062,0.23348074488734144
17.375,16.964675415356595,0.13189708384037874,0.12198498837063596,3.9956202795256983,0.49021723584778587,0.23312385581798364
17.409,17.100474863000006,0.14908952221648897,0.12990222602108112,3.9944302050718896,0.5222045984868293,0.2328131977998511
17.443,17.236228669557626,0.16736863533931834,0.13780998007678907,3.992926399929864,0.5541576191011696,0.23256616954390513
17.477,17.371926173218522,0.18673333799432013,0.14571054060326938,3.9911090108602307,0.5860818243602104,0.2323884238037306
17.511,17.507556724190742,0.20718274897724437,0.15360623431179166,3.9889786041135498,0.6179830808178126,0.23227742109938712
17.545,17.64310969530018,0.2287161840223611,0.16149921909035245,3.986535962267184,0.6498667430706835,0.23222628310634605
17.579,17.77857448820164,0.25133312736724156,0.16939137317073383,3.983782009226312,0.6817371567463124,0.23222582422436558
17.613,17.91394053675128,0.27503319187262754,0.17728424966393597,3.9807177238735627,0.7135974514079856,0.23226631678756068
17.647,18.04919730834099,0.29981607582342884,0.18517907539211123,3.9773441054451713,0.745449505179919,0.23233840394689798
17.681,18.184334304144137,0.32568152095186453,0.19307677543458943,3.97366214411971,0.7772940276656534,0.23243373144487542
17.715,18.319341058700804,0.3526292746939542,0.20097801234497184,3.9696728132033647,0.8091307025735353,0.23254519731963583
17.749,18.454207139342476,0.38065905801431776,0.20888323051871605,3.9653770671479727,0.8409583585837822,0.2326670333352729
17.783,18.588922145658316,0.4097705392565286,0.21679270065015155,3.9607758471409014,0.8727751424452789,0.23279473545347285
17.817,18.723475709179112,0.4399633137847141,0.22470656042996257,3.9558700882023228,0.9045786803808754,0.2329249272277111
17.851,18.857857493297853,0.4712368888255938,0.23262484989073023,3.950660726641994,0.9363662191325427,0.23305518426624455
17.885,18.992057193415125,0.5035906727299021,0.24054754057712702,3.945148705904257,0.9681347434359279,0.2331838525369689
17.919,19.12606453724355,0.5370239678238364,0.24847455869960297,3.9393349804402145,0.9998810697016538,0.23330987656308688
17.953,19.25986928520943,0.5715359660603347,0.2564058027668036,3.933220517673261,1.0316019177898332,0.23343264779610834
17.987,19.39346123089393,0.6071257467672806,0.26434115649877704,3.926806298531057,1.063293963834903,0.2335518778081716
18.021,19.526830201478063,0.6437922759030201,0.2722804978647303,3.920093317183342,1.0949538774628595,0.23366749655190017
18.055,19.659966058173787,0.6815344063448937,0.28022370508265926,3.913082580502248,1.1265783467130468,0.23377957416269937
18.089,19.792858696639698,0.7203508788457469,0.288170660321986,3.90577510764683,1.1581640936307662,0.23388826299113954
18.123,19.92549804738889,0.7602403233873267,0.2961212517392787,3.898171929938482,1.1897078830619243,0.23399375643451065
18.157,20.05787407619971,0.8012012607372723,0.3040753743538249,3.890274091062461,1.2212065266720744,0.23409626096669983
18.191,20.18997678453905,0.8432321040774287,0.3120329301564067,3.8820826475001238,1.252656883775167,0.2341959782486654
18.225,20.321796210003644,0.8863311606177572,0.31999382774547686,3.8735986690721815,1.2840558601451495,0.23429309462989284
18.259,20.45332242678079,0.9304966331440344,0.3279579817032527,3.864823239466346,1.3154004056703434,0.23438777589883308
18.293,20.58454554612627,0.9757266214721619,0.33592531185965374,3.8557574566680533,1.346687511453996,0.2344801656029849
18.327,20.715455716855192,1.02201912379856,0.3438957425422506,3.846402433253765,1.3779142067732755,0.23457038567088664
18.361,20.846043125840758,1.0693720379473963,0.35186920187340154,3.8367592965491255,1.4090775561611983,0.2346585384013458
18.395,20.976297998516817,1.117783162522406,0.3598456211485415,3.826829188675307,1.440174656775493,0.23474470914153708
18.429,21.106210599380834,1.1672501979748575,0.36782493431053576,3.816613266523697,1.4712026361292618,0.23482896919208415
18.463,21.235771232495296,1.2177707476008166,0.37580707752186665,3.806112701693968,1.5021586502070932,0.23491137862178882
18.497,21.3649702419868,1.2693423184809052,0.3837919888281293,3.795328680412829,1.533039881959218,0.234991988812268
18.531,21.493798012542346,1.321962322374715,0.39177960790173416,3.7842624034579986,1.5638435401225235,0.2350708446281207
18.565,21.622244969903086,1.3756280765803661,0.3997698758523255,3.7729150860793745,1.5945668583281138,0.23514798618720506
18.599,21.750301581355235,1.4303368047678293,0.40776273509066024,3.7612879579239618,1.625207094428556,0.23522345024560884
18.633,21.877958356218457,1.4860856377928147,0.4157581292332613,3.7493822629501303,1.655761530003228,0.2352972712345826
18.667,22.00520584633094,1.5428716144961467,0.4237560030371649,3.737199259334121,1.6862274699862794,0.23536948200601918
18.701,22.13203464653113,1.6006916824923527,0.4317563023558156,3.7247402193612684,1.7166022423858456,0.23544011434971732
18.735,22.258435395135468,1.6595426989498578,0.4397589741092133,3.7120064293058155,1.7468831980610777,0.23550919932700756
18.769,22.38439877441185,1.7194214313643976,0.4477639662631072,3.698999189301126,1.7770677105385426,0.2355767674790453
18.803,22.50991551104853,1.7803245583267522,0.4557712278134841,3.6857198132050444,1.8071531758521322,0.23564284893902346
18.837,22.634976376618404,1.8422486702853234,0.4637807087737264,3.672169628461205,1.837137012400543,0.23570747348380844
18.871,22.7595721880386,1.9051902703039971,0.4717923601628516,3.658349975966461,1.8670166608077463,0.235770670545749
18.905,22.883693808025612,1.9691457748154226,0.4798061339935769,3.6442622099408206,1.8967895837899122,0.23583246919905804
18.939,23.007332145546098,2.034111514369803,0.487821983259805,3.629907697800464,1.9264532660261937,0.23589289813623998
18.973,23.130478156263454,2.1000837343792567,0.4958398619230772,3.61528782004137,1.956005214023728,0.23595198563588923
19.007,23.253122842980503,2.1670585958576507,0.5038597248979977,3.600403970121803,1.9854429559886098,0.23600975953258826
19.041,23.37525725607823,2.2350321761559773,0.5118815280366348,3.5852575543530354,2.0147640416906842,0.236066247188332
19.075,23.496872493950914,2.304000469693167,0.5199052281120808,3.5698499917888395,2.0439660423323867,0.23612147547138818
19.109,23.617959703437485,2.3739593886823434,0.527930782801367,3.5541827141226947,2.0730465504113322,0.2361754707381755
19.143,23.738510080249476,2.4449047638525494,0.5359581506678166,3.538257165579936,2.1020031795909047,0.23622825882167195
19.177,23.85851486939523,2.5168323451659367,0.5439872911431981,3.5220748028189823,2.130833564563948,0.23627986502582576
19.211,23.977965365600916,2.5897378025304683,0.5520181645096696,3.5056370948269095,2.1595353609259393,0.23633031412412575
19.245,24.09685291372793,2.6636167265082693,0.5600507318818624,3.4889455228225486,2.1881062450443216,0.23637963036313642
19.279,24.21516890918706,2.7384646290196186,0.5680849551889661,3.472001580157192,2.2165439139351584,0.23642783746602203
19.313,24.332904798349297,2.8142769440428124,0.5761207971571698,3.4548067722181846,2.244846085141833,0.23647495864197998
19.347,24.4500520789534,2.891049028309883,0.5841582212922904,3.437362616336161,2.2730104966141935,0.23652101659391228
19.381,24.566602300510272,2.9687761619984534,0.5921971918627501,3.4196706416863267,2.301034906600276,0.23656603352887706
19.415,24.68254706470414,3.0474535494197057,0.6002376738829647,3.4017323892014266,2.328917093529432,0.23661003116889043
19.449,24.797878025790578,3.127076319702697,0.6082796330969407,3.3835494114760003,2.3566548559103158,0.23665303075974733
19.483,24.912586890991555,3.2076395274751057,0.6163230359624143,3.365123272677144,2.3842460122259372,0.23669505308468367
19.517,25.026665420887227,3.2891381535405158,0.6243678496352176,3.3464555484549647,2.411688400833964,0.23673611847179804
19.551,25.1401054298048,3.3715671055524257,0.6324140419540148,3.3275478258513433,2.4389798798728153,0.23677624680573764
19.585,25.252898786204334,3.4549212186850333,0.6404615814254643,3.3084017032132516,2.466118327167369,0.23681545753823577
19.619,25.365037413061543,3.539195256300949,0.6485104372096021,3.289018790102962,2.4931016401418327,0.23685376969665042
19.653,25.476513288247585,3.624383910615938,0.6565605791056385,3.2694007072116955,2.51992773573317,0.23689120189341398
19.687,25.587318444905918,3.7104818033608273,0.6646119775380465,3.2495490862723333,2.5465945503087535,0.23692777233774864
19.721,25.69744497182619,3.7974834864406675,0.672664603542936,3.2294655699713872,2.5731000395897907,0.23696349884031714
19.755,25.806885013815172,3.8853834425912814,0.6807184287547516,3.2091518118654183,2.599442178572373,0.23699839882562948
19.789,25.91563077206486,3.9741760860332724,0.6887734253932646,3.1886094762929718,2.625618961457095,0.23703248933980084
19.823,26.02367450451752,4.063855763123608,0.69682956625083,3.1678402382912365,2.651628401578228,0.23706578705594486
19.857,26.131008526227966,4.154416753004888,0.7048868246799336,3.1468457835099954,2.6774685313370297,0.2370983082866242
19.891,26.23762520972292,4.245853268252429,0.712945174580973,3.1256278081259454,2.7031374021395718,0.23713006898799427
19.925,26.34351698535747,4.3381594555191585,0.7210045903903924,3.104188018760117,2.7286330843333246,0.2371610847689869
19.959,26.448676341668648,4.431329396178547,0.7290650470689314,3.082528132392451,2.753953667149834,0.23719137089884698
19.993,26.553095825726203,4.5253571069655285,0.7371265200902672,3.0606498762773624,2.779097258649475,0.23722094231398697
20.027,26.656768043480454,4.620236540615668,0.7451889854297833,3.0385549878609006,2.804061985667153,0.23724981362498448
20.061,26.7596856601073,4.715961586502454,0.7532524195536641,3.0162452146937975,2.8288459937642108,0.2372779991238331
20.095,26.861841400350396,4.81252607127302,0.7613167994081823,2.9937223143516056,2.853447447176824,0.2373055127915299
20.129,26.963228048860447,4.9099237594822105,0.7693821024092002,2.9709880543465235,2.8778645287739946,0.2373323683024725
20.163,27.06383845053165,5.008148354225135,0.7774483064319576,2.9480442120468666,2.9020954400110757,0.23735857903390656
20.197,27.163665510835294,5.10719349776833,0.7855153898010104,2.9248925745898022,2.9261384008915634,0.23738415806994398
20.231,27.262702196150453,5.207052772179536,0.7935833312803955,2.9015349387997262,2.9499916499262766,0.23740911820879812
20.265,27.360941534091868,5.307719699956197,0.8016521100640887,2.8779731111015936,2.973653444098199,0.23743347197036813
20.299,27.458376613834943,5.409187744652755,0.8097217057665438,2.8542089074382,2.9971220588271033,0.2374572315984405
20.333,27.555000586437796,5.511450311506817,0.8177920984135073,2.830244153183813,3.020395787938305,0.23748040907008197
20.367,27.650806665160534,5.614500748064247,0.8258632684330429,2.8060806830607845,3.0434729436306234,0.23750301610057503
20.401,27.74578812578154,5.718332344803272,0.8339351966466828,2.781720341052312,3.066351856450117,0.23752506414829044
20.435,27.839938306910934,5.822938335757637,0.8420078642608534,2.7571649803191796,3.089030875261367,0.23754656442035346
20.469,27.933250610301037,5.9283118991389,0.8500812528583983,2.7324164631112104,3.111508367225133,0.23756752787837856
20.503,28.02571850115398,6.034446157957923,0.8581553443903766,2.7074766606840543,3.133782717773073,0.23758796524473166
20.537,28.117335508426333,6.141334180645603,0.8662301211679286,2.6823474532090152,3.155852330589456,0.23760788700407803
20.571,28.208095225130812,6.248968981672935,0.8743055658544342,2.6570307296901117,3.177715627588579,0.23762730341398022
20.605,28.297991308635005,6.357343522170415,0.8823816614577373,2.631528387874368,3.199371048898907,0.2376462245046876
20.639,28.387017480957144,6.466450710546881,0.8904583913226018,2.6058423341625483,3.220817052847545,0.2376646600877089
20.673000000000002,28.47516752905886,6.5762834031078405,0.8985357391233262,2.579974483524766,3.24205211594333,0.23768261975734337
20.707,28.562435305134958,6.686834404673268,0.9066136888564598,2.553926759409069,3.263074732864951,0.2377001128983902
20.741,28.648814726900113,6.7980964691950625,0.9146922248337783,2.527701093653195,3.2838834164488957,0.23771714868967764
20.775,28.734299777872614,6.9100623003740305,0.922771331675271,2.501299426393648,3.3044766976797453,0.23773373610482132
20.809,28.818884507654985,7.022724552276631,0.9308509943024456,2.4747237059781946,3.324853125679056,0.23774988392575488
20.843,28.902563032211557,7.13607582995136,0.9389311979316244,2.447975888872681,3.345011267699759,0.23776560073527683
20.877,28.985329534142934,7.250108690044905,0.9470119280675003,2.4210579395711753,3.3649497091178073,0.23778089493102306
20.911,29.067178262957373,7.364815641418124,0.9550931704967357,2.3939718305019793,3.384667053428978,0.23779577472299274
20.945,29.148103535339008,7.480189145761851,0.963174911281777,2.366719541939234,3.404161922241399,0.23781024814269613
20.979,29.228099735412936,7.596221618212532,0.9712571367547903,2.339303061905789,3.423432955275257,0.23782432304226184
21.013,29.307161315007143,7.712905427967823,0.9793398335116654,2.3117243860820076,3.442478810359161,0.23783800710233075
21.047,29.385282793911216,7.830232898902095,0.987422988406261,2.2839855177119004,3.461298163428767,0.23785130783248856
21.081,29.46245876013184,7.948196310181924,0.9955065885446058,2.256088467506611,3.4798897085277125,0.2378642325775203
21.115,29.538683870145135,8.066787896881618,1.0035906212794663,2.2280352535495775,3.498252157807345,0.23787678852068675
21.149,29.613952849145605,8.185999850598737,1.0116750742047669,2.1998279012036477,3.516384241527658,0.23788898268425543
21.183,29.688260491291988,8.305824320069696,1.0197599351503328,2.1714684430069076,3.5342847080626965,0.2379008219375809
21.217,29.761601659949626,8.42625341178546,1.0278451921766794,2.1429589185836466,3.551952323899863,0.23791231299648885
21.251,29.833971287929657,8.547279190607405,1.0359308335698503,2.114301374542349,3.5693858736456505,0.23792346242906903
21.285,29.905364377724794,8.668893680383231,1.0440168478364815,2.085497864375657,3.58658416003115,0.2379342766575103
21.319,29.975776001741757,8.791088864563125,1.0521032236989072,2.0565504483654826,3.6035460039147336,0.23794476196267705
21.353,30.04520130253031,8.913856686816056,1.0601899500903522,2.027461193479208,3.6202702442904475,0.23795492448564629
21.387,30.11363549300893,9.037189051646326,1.0682770161502912,1.9982321732695598,3.636755738293449,0.23796477023139875
21.421,30.18107385668698,9.161077825010326,1.0763644112198836,1.9688654677746864,3.6530013612067065,0.23797430507219178
21.455,30.247511747883454,9.285514834933512,1.084452124837487,1.9393631634166797,3.6690060064683423,0.23798353475006023
21.489,30.312944591942276,9.410491872127704,1.0925401467342626,1.9097273528950232,3.684768585680975,0.23799246487907655
21.523,30.377367885444027,9.536000690608596,1.1006284668299569,1.8799601350883957,3.7002880286180844,0.23800110094950977
21.557,30.44077719641422,9.662033008313625,1.1087170752286508,1.8500636149463068,3.7155632832343684,0.2380094483301707
21.591,30.503168164527978,9.788580507720082,1.1168059622147235,1.8200399033856203,3.730593315674715,0.23801751226886045
21.625,30.564536501311125,9.915634836463568,1.1248951182488305,1.7898911171876206,3.745377110281995,0.23802529789923296
21.659,30.624877990337747,10.043187607956774,1.1329845339639755,1.7596193788888475,3.75991366960863,0.23803281023938
21.693,30.68418848742406,10.171230402008613,1.1410742001617091,1.7292268166733424,3.774202014426495,0.23804005419750857
21.727,30.74246392081869,10.299754765443648,1.1491641078083592,1.6987155642691978,3.7882411837355976,0.23804703457052645
21.761,30.799700291389232,10.428752212721921,1.1572542480313965,1.6680877608350557,3.8020302347767507,0.23805375604980317
21.795,30.855893672805188,10.558214226559107,1.1653446121158335,1.6373455508584214,3.8155682430388596,0.23806022322414863
21.829,30.91104021171711,10.688132258547045,1.1734351915007248,1.6064910840374973,3.828854302273289,0.23806644057724574
21.863,30.965136127932066,10.81849772977458,1.1815259777757812,1.575526515177954,3.8418875245015,0.23807241249758151
21.897,31.01817771458532,10.949302031448887,1.1896169626779765,1.5444540040758448,3.854667040028672,0.2380781432703668
21.931,31.070161338308246,11.080536525517054,1.1977081380882768,1.5132757154131957,3.867191997451211,0.23808363709073205
21.965,31.1210834393924,11.212192545288055,1.205799496028481,1.4819938186386559,3.879461563670617,0.23808889805798222
21.999,31.170940531949796,11.344261396055128,1.2138910286580562,1.4506104878583246,3.8914749239026265,0.23809393018156608
22.033,31.219729204069324,11.476734355718477,1.2219827282711206,1.4191279017210991,3.9032312816886723,0.23809873738014908
22.067,31.26744611796926,11.609602675408391,1.2300745872933703,1.3875482433046762,3.914729858905634,0.2381033234876459
22.101,31.314088010145937,11.742857580108677,1.2381665982792567,1.355873699999524,3.925969895777516,0.23810769225088316
22.135,31.35965169151844,11.87649026928041,1.2462587539090575,1.3241064633962858,3.9369506508846186,0.23811184733461546
22.169,31.404134047569407,12.010491917486169,1.2543510469861419,1.292248729163686,3.947671401174966,0.23811579232355465
22.203,31.447532038481818,12.144853675014472,1.2624434704341747,1.2603026969370152,3.9581314419737876,0.23811953071886982
22.237,31.48984269927181,12.279566668504627,1.2705360172945186,1.2282705701980376,3.968330086992815,0.23812306594873256
22.271,31.531063139917535,12.41462200157189,1.2786286807235403,1.1961545561594773,3.9782666683401455,0.238126401361704
22.305,31.571190545483947,12.55001075543294,1.2867214539901894,1.1639568656421668,3.987940536529659,0.23812954023713767
22.339,31.610222176243497,12.685723989531688,1.294814330473381,1.1316797129570182,3.9973510604906264,0.2381324857744931
22.373,31.648155367792857,12.821752742165344,1.302907303659581,1.0993253157854004,4.006497627575191,0.23813524110875287
22.407,31.68498753116548,12.958088031110783,1.3110003671405595,1.0668958950602663,4.015379643566943,0.23813780930251294
22.441,31.720716152940053,13.094720854251253,1.3190935146108662,1.0343936748432345,4.023996532688923,0.23814019335275546
22.475,31.755338795344887,13.231642190203242,1.3271867398657327,1.0018208821999794,4.03234773761192,0.2381423961881379
22.509,31.788853096358064,13.368842998943661,1.3352800367987578,0.9691797470844654,4.040432719460076,0.2381444206747948
22.543,31.82125676980347,13.506314222437235,1.3433733993997734,0.9364725022103699,4.048250957818954,0.23814626961500923
22.576999999999998,31.85254760544263,13.644046785264136,1.3514668217527208,0.9037013829275731,4.055801950741243,0.23814794574988807
22.611,31.882723469062345,13.782031595247803,1.3595602980336214,0.8708686271018015,4.063085214752344,0.2381494517586115
22.645,31.911782302558038,13.920259544082944,1.3676538225084591,0.8379764749889043,4.070100284855526,0.23815079026274694
22.679,31.939722124012967,14.058721507963723,1.3757473895313295,0.805027169109898,4.076846714536572,0.23815196382983497
22.713,31.966541027773104,14.197408348212104,1.3838409935424176,0.7720229541179313,4.08332407576961,0.2381529749641702
22.747,31.992237184517766,14.336310911906297,1.391934629066208,0.7389660766849917,4.089531959017894,0.23815382612186844
22.781,32.01680884132584,14.475420032509325,1.4000282907095654,0.7058587853703961,4.09546997323851,0.23815451970282886
22.815,32.04025432173794,14.614726530497736,1.4081219731599672,0.6727033304832302,4.10113774588552,0.23815505805540646
22.849,32.06257202581391,14.754221213990311,1.4162156711838028,0.6395019639717928,4.106534922910049,0.23815544347598053
22.883,32.08376043018631,14.893894879376884,1.424309379624602,0.606256939285581,4.111661168762373,0.2381556782128972
22.917,32.103818088109286,15.033738311947149,1.432403093401396,0.5729705112500612,4.116516166392351,0.23815576446599912
22.951,32.12274362950325,15.173742286519495,1.4404968075070947,0.5396449359283311,4.121099617250123,0.23815570438582268
22.985,32.14053576099495,15.31389756806986,1.4485905170068962,0.5062824705078397,4.125411241283769,0.23815550007742797
23.019,32.157193265953374,15.45419491236046,1.456684217036704,0.4728853731617197,4.1294507769386835,0.23815515360235262
23.053,32.17271500452112,15.594625066568552,1.4647779028016898,0.43945590291459485,4.133217981155284,0.23815466697869433
23.087,32.18709991364135,15.735178769915006,1.47287156957474,0.405996319518121,4.1367126293665955,0.23815404217452912
23.121,32.20034700708016,15.875846754292894,1.4809652126950843,0.3725088833236909,4.139934515492528,0.23815328112906975
23.155,32.21245537544477,16.016619744895817,1.489058827566807,0.3389958551368616,4.14288345193859,0.23815238572746375
23.189,32.223424186197036,16.157488460846103,1.497152409657579,0.3054594961013439,4.145559269587873,0.2381513578227679
23.223,32.23325268366252,16.298443615822926,1.5052459544972472,0.2719020675583129,4.147961817795812,0.23815019922942085
23.257,32.24194018903509,16.439475918689993,1.5133394576765693,0.23832583091444684,4.150090964384677,0.23814891171853816
23.291,32.249486100376984,16.580576074123172,1.5214329148459285,0.2047330475116449,4.151946595634144,0.23814749703000446
23.325,32.255889892614405,16.72173478323777,1.529526321714116,0.17112597849157382,4.1535286162737926,0.23814595686397227
23.359,32.261151117528506,16.862942744215495,1.5376196740470784,0.13750688466487515,4.154836949473458,0.2381442928874532
23.393,32.265269403741975,17.004190652931165,1.545712967666833,0.10387802637632365,4.1558715368329855,0.23814250673465134
23.427,32.268244456700856,17.145469203578912,1.5538061984502065,0.07024166336894519,4.156632338371987,0.23814060000109788
23.461,32.27007605865201,17.28676908929818,1.561899362327812,0.036600054655541,4.157119332516704,0.23813857425638799
23.495,32.270764068615996,17.42808100279914,1.5699924552829023,0.002955458374080927,4.157332516088377,0.23813643103365006
23.529,32.27030842235526,17.569395636987803,1.5780854733503553,-0.03068986833354001,4.1572719042883834,0.2381341718382518
23.563,32.2687091323378,17.710703685590488,1.586178412615593,-0.06433366947001232,4.156937530684803,0.23813179814346225
23.597,32.26596628769629,17.851995843777928,1.5942712692136554,-0.09797369030415276,4.156329447196296,0.23812931139614024
23.631,32.26208005418256,17.993262808788746,1.602364039328102,-0.1316076775200724,4.1554477240757075,0.23812671300942695
23.665,32.257050674117494,18.134495280552386,1.6104567191901742,-0.16523337933983426,4.154292449892554,0.2381240043761761
23.699,32.25087846633631,18.275683962311458,1.618549305077811,-0.19884854566944815,4.15286373151507,0.238121186854695
23.733,32.243563826129204,18.416819561243386,1.6266417933147401,-0.2324509282279352,4.151161694090557,0.23811826178210463
23.767,32.235107225177465,18.557892789081432,1.6347341802696127,-0.26603828068335617,4.14918648102544,0.23811523046947827
23.801,32.225509211484855,18.698894362735018,1.6428264623551805,-0.2996083587943731,4.1469382539637785,0.23811209420109408
23.835,32.21477040930447,18.839815004909262,1.6509186360273858,-0.33315892054384405,4.144417192765246,0.23810885423570122
23.869,32.20289151906083,18.98064544472381,1.6590106977846248,-0.3666877262666204,4.141623495481756,0.23810551181637954
23.903,32.189873317267555,19.121376418330815,1.667102644166908,-0.40019253880462086,4.1385573783335285,0.23810206815073134
23.937,32.175716656440166,19.26199866953209,1.6751944717551666,-0.4336711236191627,4.135219075683793,0.2380985244380871
23.971,32.16042246500443,19.402502950395398,1.6832861771704013,-0.4671212489515717,4.131608840012428,0.2380948818433442
24.005,32.14399174719995,19.5428800218698,1.6913777570730497,-0.500540685940233,4.127726941889177,0.23809114152056118
24.039,32.1264255829792,19.683120654400145,1.699469208162239,-0.5339272087676219,4.123573669945109,0.2380873045964196
24.073,32.1077251279019,19.82321562854046,1.7075605271751175,-0.5672785947971826,4.119149330842823,0.23808337218143677
24.107,32.087891613024674,19.963155735566467,1.715651710886176,-0.6005926247022054,4.114454249247484,0.23807934536506634
24.141,32.0669263447862,20.102931778086923,1.723742756106622,-0.6338670826099424,4.109488767794533,0.23807522521859417
24.175,32.04483070488754,20.242534570653948,1.7318336596837178,-0.6670997562320464,4.104253247057645,0.23807101279644557
24.209,32.021606150168125,20.381954940372275,1.7399244185002112,-0.7002884370082878,4.098748065515051,0.23806670913274555
24.243,31.99725421247673,20.521183727507232,1.7480150294737373,-0.7334309202340545,4.092973619515451,0.23806231524707025
24.277,31.971776498538144,20.660211786091647,1.7561054895562127,-0.7665250052048539,4.0869303232423455,0.23805783214026516
24.311,31.945174689814966,20.799029984531455,1.7641957957332863,-0.7995684953491831,4.080618608677033,0.2380532607962945
24.345,31.917450542364975,20.937629206210083,1.7722859450238235,-0.8325591983609398,4.074038925562029,0.23804860218733123
24.379,31.888605886693732,21.07600035009155,1.7803759344794046,-0.8654949263398013,4.067191741361515,0.23804385726761293
24.413,31.858642627602563,21.214134331322157,1.7884657611837025,-0.8983734959282096,4.0600775412217684,0.2380390269751025
24.447,31.82756274403208,21.352022081830913,1.7965554222521218,-0.9311927284434132,4.052696827930203,0.23803411223672968
24.481,31.795368288900896,21.48965455092851,1.8046449148312351,-0.9639504500157416,4.0450501218736425,0.23802911396377477
24.515,31.76206138893987,21.62702270590479,1.812734236098377,-0.9966444917212424,4.037137960995843,0.23802403305240846
24.549,31.72764424452165,21.76411753262486,1.8208233832611183,-1.0292726897182152,4.028960900752626,0.23801887039036201
24.583,31.692119129485736,21.900930036123583,1.8289123535568863,-1.0618328853840187,4.020519514067115,0.2380136268474099
24.617,31.655488390958904,22.037451241198614,1.8370011442525558,-1.0943229254471454,4.011814391283381,0.23800830328605063
24.651,31.617754449170977,22.173672193001714,1.845089752643976,-1.126740662124601,4.002846140119265,0.2380029005518746
24.685,31.57891979726617,22.309583957628583,1.853178176055631,-1.159083953250871,3.993615385618698,0.23799741948352485
24.719,31.53898700110977,22.445177622706964,1.8612664118402071,-1.1913506624203247,3.984122770100246,0.23799186090587976
24.753,31.497958699090308,22.580444297983025,1.8693544573782888,-1.2235386591130666,3.974368953109368,0.23798622563242086
24.787,31.455837601917136,22.715375115906056,1.877442310077904,-1.255645818833682,3.964354611364205,0.23798051446936913
24.821,31.412626492413555,22.849961232211353,1.8855299673742796,-1.2876700232424207,3.954080438704384,0.23797472820839619
24.855,31.368328225305348,22.98419382650132,1.893617426729419,-1.3196091602846463,3.943547146038003,0.23796886763646466
24.889,31.322945727004818,23.1180641028247,1.90170468563183,-1.3514611243326242,3.9327554612840006,0.23796293352707754
24.923000000000002,31.276481995390327,23.251563290253994,1.9097917415961716,-1.3832238163086055,3.921706129318898,0.23795692664618287
24.957,31.228939945023406,23.38468319694511,1.9178770134859913,-1.415021108438161,3.910584069505228,0.23752222931240077
24.991,31.18032188173274,23.517422927031838,1.9259365754802777,-1.4468819610150834,3.899673354160799,0.23602128897993718
25.025,31.130631504114632,23.6497822218028,1.933981453245298,-1.4786826772179682,3.888652896483169,0.23535854445731474
25.059,31.07986993317329,23.78175761653536,1.9420202267942244,-1.5101148128837136,3.877180132111617,0.23533884938695052
25.093,31.02804210069371,23.913338161172423,1.9500603482449415,-1.541431868329494,3.8654144854725843,0.23526006568729813
25.127,30.97515174041333,24.04451463134304,1.9580910875191913,-1.5726210072733577,3.853400380147563,0.2348069067933075
25.161,30.921204250100057,24.175277748262328,1.9661095972732092,-1.603646929814559,3.841073729389689,0.23456572431347458
25.195,30.866204958508312,24.305616684392817,1.9741256668650125,-1.6345277742763529,3.828425442649946,0.23456601653870768
25.229,30.810158026538335,24.435521229621955,1.9821407028491793,-1.6652844767033448,3.815500760199131,0.23445676562042797
25.263,30.753067710439197,24.564982189460387,1.990151368118596,-1.6959112346063772,3.8023023821348008,0.2343339304929438
25.297,30.694938543358813,24.6939901070172,1.998160732084747,-1.7264112713673803,3.7888184238356284,0.234363373234344
25.331,30.635774509552736,24.822535503775065,2.006172126595559,-1.7567984030753483,3.775066192003905,0.2344174436468436
25.365,30.575579269618427,24.95060953570562,2.0141845459339867,-1.787075666114568,3.761060440449261,0.2344285659142221
25.399,30.514356645333194,25.0782035790455,2.0221979477610335,-1.817241041222283,3.746797718481383,0.23448421410231118
25.433,30.452110393350107,25.205308922505953,2.030214128297883,-1.8472983007892998,3.7322804700382344,0.23458098793978166
25.467,30.388844073587354,25.331917052094017,2.038233280110685,-1.877249733299376,3.7175175456578713,0.23465810941346044
25.501,30.324561307035015,25.458019662309418,2.0462548042133335,-1.9070929199721638,3.702510211205746,0.23473196712658628
25.535,30.259265821484085,25.58360842672383,2.054279114480133,-1.9368259846110318,3.687257008255756,0.23482618348376946
25.569,30.192961336692864,25.70867502590073,2.0623065249233483,-1.9664486678970372,3.6717609036459833,0.23491672236690245
25.603,30.125651620522046,25.833211235940833,2.0703366511782777,-1.9959585694880684,3.6560237470911767,0.23499527813465532
