t,steering_angle,speed
13.778,0.0,4.0
13.811,0.0,4.0
13.845,0.0,4.0
13.878,0.0,4.0
13.911,0.0,4.0
13.945,0.0,4.0
13.978,0.0,4.0
14.011,0.0,4.0
14.045,0.0,4.0
14.078,0.0,4.0
14.111,0.0,4.0
14.145,0.0,4.0
14.178,0.0,4.0
14.211,0.0,4.0
14.245,0.0,4.0
14.278,0.0,4.0
14.311,0.0,4.0
14.345,0.0,4.0
14.378,0.0,4.0
14.411,0.0,4.0
14.445,0.0,4.0
14.478,0.0,4.0
14.511,0.0,4.0
14.545,0.0,4.0
14.578,0.0,4.0
14.611,0.0,4.0
14.645,0.0,4.0
14.678,0.0,4.0
14.711,0.0,4.0
14.745,0.0,4.0
14.778,0.0,4.0
14.811,0.0,4.0
14.845,0.0,4.0
14.878,0.0,4.0
14.911,0.0,4.0
14.945,0.0,4.0
14.978,0.0,4.0
15.011,0.0,4.0
15.045,0.0,4.0
15.078,0.0,4.0
15.111,0.0,4.0
15.145,0.0,4.0
15.178,0.0,4.0
15.211,0.0,4.0
15.245,0.0,4.0
15.278,0.0,4.0
15.311,0.0,4.0
15.345,0.0,4.0
15.378,0.0,4.0
15.411,0.0,4.0
15.445,0.0,4.0
15.478,0.0,4.0
15.511,0.0,4.0
15.545,0.0,4.0
15.578,0.0,4.0
15.611,0.0,4.0
15.645,0.0,4.0
15.678,0.0,4.0
15.711,0.0,4.0
15.745,0.0,4.0
15.778,0.0,4.0
15.811,0.0,4.0
15.845,0.0,4.0
15.878,0.0,4.0
15.911,0.0,4.0
15.945,0.0,4.0
15.978,0.0,4.0
16.011,0.0,4.0
16.045,0.0,4.0
16.078,0.0,4.0
16.111,0.0,4.0
16.145,0.0,4.0
16.178,0.0,4.0
16.211,0.0,4.0
16.245,0.0,4.0
16.278,0.0,4.0
16.311,0.0,4.0
16.345,0.0,4.0
16.378,0.0,4.0
16.411,0.0,4.0
16.445,0.0,4.0
16.478,0.0,4.0
16.511,0.0,4.0
16.545,0.0,4.0
16.578,0.0,4.0
16.611,0.0,4.0
16.645,0.0,4.0
16.678,0.0,4.0
16.711,0.0,4.0
16.745,0.0,4.0
16.778,0.0,4.0
16.811,0.0,4.0
16.845,0.0,4.0
16.878,0.0,4.0
16.911,0.0,4.0
16.945,0.0,4.0
16.978,0.0,4.0
17.011,0.0,4.0
17.045,0.0,4.0
17.078,0.0,4.0
17.111,0.0,4.0
17.145,0.0,4.0
17.178,0.0,4.0
17.211,0.0,4.0
17.245,0.0,4.0
17.278,0.0,4.0
17.311,0.0,4.0
17.345,0.0,4.0
17.378,0.0,4.0
17.411,0.0,4.0
17.445,0.0,4.0
17.478,0.0,4.0
17.511,0.0,4.0
17.545,0.0,4.0
17.578,0.0,4.0
17.611,0.0,4.0
17.645,0.0,4.0
17.678,0.0,4.0
17.711,0.0,4.0
17.745,0.0,4.0
17.778,0.0,4.0
17.811,0.0,4.0
17.845,0.0,4.0
17.878,0.0,4.0
17.911,0.0,4.0
17.945,0.0,4.0
17.978,0.0,4.0
18.011,0.0,4.0
18.045,0.0,4.0
18.078,0.0,4.0
18.111,0.0,4.0
18.145,0.0,4.0
18.178,0.0,4.0
18.211,0.0,4.0
18.245,0.0,4.0
18.278,0.0,4.0
18.311,0.0,4.0
18.345,0.0,4.0
18.378,0.0,4.0
18.411,0.0,4.0
18.445,0.0,4.0
18.478,0.0,4.0
18.511,0.0,4.0
18.545,0.0,4.0
18.578,0.0,4.0
18.611,0.0,4.0
18.646,0.10000000149011612,4.0
18.678,0.10000000149011612,4.0
18.711,0.10000000149011612,4.0
18.745,0.10000000149011612,4.0
18.778,0.10000000149011612,4.0
18.811,0.10000000149011612,4.0
18.845,0.10000000149011612,4.0
18.878,0.10000000149011612,4.0
18.911,0.10000000149011612,4.0
18.945,0.10000000149011612,4.0
18.978,0.10000000149011612,4.0
19.011,0.10000000149011612,4.0
19.045,0.10000000149011612,4.0
19.078,0.10000000149011612,4.0
19.111,0.10000000149011612,4.0
19.145,0.10000000149011612,4.0
19.178,0.10000000149011612,4.0
19.211,0.10000000149011612,4.0
19.245,0.10000000149011612,4.0
19.278,0.10000000149011612,4.0
19.311,0.10000000149011612,4.0
19.345,0.10000000149011612,4.0
19.378,0.10000000149011612,4.0
19.411,0.10000000149011612,4.0
19.445,0.10000000149011612,4.0
19.478,0.10000000149011612,4.0
19.511,0.10000000149011612,4.0
19.545,0.10000000149011612,4.0
19.578,0.10000000149011612,4.0
19.611,0.10000000149011612,4.0
19.645,0.10000000149011612,4.0
19.678,0.10000000149011612,4.0
19.711,0.10000000149011612,4.0
19.745,0.10000000149011612,4.0
19.778,0.10000000149011612,4.0
19.811,0.10000000149011612,4.0
19.845,0.10000000149011612,4.0
19.878,0.10000000149011612,4.0
19.911,0.10000000149011612,4.0
19.945,0.10000000149011612,4.0
19.978,0.10000000149011612,4.0
20.011,0.10000000149011612,4.0
20.045,0.10000000149011612,4.0
20.078,0.10000000149011612,4.0
20.111,0.10000000149011612,4.0
20.145,0.10000000149011612,4.0
20.178,0.10000000149011612,4.0
20.211,0.10000000149011612,4.0
20.245,0.10000000149011612,4.0
20.278,0.10000000149011612,4.0
20.311,0.10000000149011612,4.0
20.345,0.10000000149011612,4.0
20.378,0.10000000149011612,4.0
20.411,0.10000000149011612,4.0
20.445,0.10000000149011612,4.0
20.478,0.10000000149011612,4.0
20.511,0.10000000149011612,4.0
20.545,0.10000000149011612,4.0
20.578,0.10000000149011612,4.0
20.611,0.10000000149011612,4.0
20.645,0.10000000149011612,4.0
20.678,0.10000000149011612,4.0
20.711,0.10000000149011612,4.0
20.745,0.10000000149011612,4.0
20.778,0.10000000149011612,4.0
20.811,0.10000000149011612,4.0
20.845,0.10000000149011612,4.0
20.878,0.10000000149011612,4.0
20.911,0.10000000149011612,4.0
20.945,0.10000000149011612,4.0
20.978,0.10000000149011612,4.0
21.011,0.10000000149011612,4.0
21.045,0.10000000149011612,4.0
21.078,0.10000000149011612,4.0
21.111,0.10000000149011612,4.0
21.145,0.10000000149011612,4.0
21.178,0.10000000149011612,4.0
21.211,0.10000000149011612,4.0
21.245,0.10000000149011612,4.0
21.278,0.10000000149011612,4.0
21.311,0.10000000149011612,4.0
21.345,0.10000000149011612,4.0
21.378,0.10000000149011612,4.0
21.411,0.10000000149011612,4.0
21.445,0.10000000149011612,4.0
21.478,0.10000000149011612,4.0
21.511,0.10000000149011612,4.0
21.545,0.10000000149011612,4.0
21.578,0.10000000149011612,4.0
21.611,0.10000000149011612,4.0
21.645,0.10000000149011612,4.0
21.678,0.10000000149011612,4.0
21.711,0.10000000149011612,4.0
21.745,0.10000000149011612,4.0
21.778,0.10000000149011612,4.0
21.811,0.10000000149011612,4.0
21.845,0.10000000149011612,4.0
21.878,0.10000000149011612,4.0
21.911,0.10000000149011612,4.0
21.945,0.10000000149011612,4.0
21.978,0.10000000149011612,4.0
22.011,0.10000000149011612,4.0
22.045,0.10000000149011612,4.0
22.078,0.10000000149011612,4.0
22.111,0.10000000149011612,4.0
22.145,0.10000000149011612,4.0
22.178,0.10000000149011612,4.0
22.211,0.10000000149011612,4.0
22.245,0.10000000149011612,4.0
22.278,0.10000000149011612,4.0
22.311,0.10000000149011612,4.0
22.345,0.10000000149011612,4.0
22.378,0.10000000149011612,4.0
22.411,0.10000000149011612,4.0
22.445,0.10000000149011612,4.0
22.478,0.10000000149011612,4.0
22.511,0.10000000149011612,4.0
22.545,0.10000000149011612,4.0
22.578,0.10000000149011612,4.0
22.611,0.10000000149011612,4.0
22.645,0.10000000149011612,4.0
22.678,0.10000000149011612,4.0
22.711,0.10000000149011612,4.0
22.745,0.10000000149011612,4.0
22.778,0.10000000149011612,4.0
22.811,0.10000000149011612,4.0
22.845,0.10000000149011612,4.0
22.878,0.10000000149011612,4.0
22.911,0.10000000149011612,4.0
22.945,0.10000000149011612,4.0
22.978,0.10000000149011612,4.0
23.011,0.10000000149011612,4.0
23.045,0.10000000149011612,4.0
23.078,0.10000000149011612,4.0
23.111,0.10000000149011612,4.0
23.145,0.10000000149011612,4.0
23.178,0.10000000149011612,4.0
23.211,0.10000000149011612,4.0
23.245,0.10000000149011612,4.0
23.278,0.10000000149011612,4.0
23.311,0.10000000149011612,4.0
23.345,0.10000000149011612,4.0
23.378,0.10000000149011612,4.0
23.411,0.10000000149011612,4.0
23.445,0.10000000149011612,4.0
23.478,0.10000000149011612,4.0
23.511,0.10000000149011612,4.0
23.545,0.10000000149011612,4.0
23.578,0.10000000149011612,4.0
23.611,0.10000000149011612,4.0
23.646,-0.0949978455901146,3.377420663833618
23.678,-0.0949978455901146,3.377420663833618
23.711,-0.0949978455901146,3.377420663833618
23.745,-0.0949978455901146,3.377420663833618
23.778,-0.0949978455901146,3.377420663833618
23.811,-0.0949978455901146,3.377420663833618
23.845,-0.0949978455901146,3.377420663833618
23.878,-0.0949978455901146,3.377420663833618
23.911,-0.0949978455901146,3.377420663833618
23.945,-0.0949978455901146,3.377420663833618
23.978,-0.0949978455901146,3.377420663833618
24.011,-0.0949978455901146,3.377420663833618
24.045,-0.0949978455901146,3.377420663833618
24.078,-0.0949978455901146,3.377420663833618
24.111,-0.0949978455901146,3.377420663833618
24.145,-0.0949978455901146,3.377420663833618
24.178,-0.0949978455901146,3.377420663833618
24.211,-0.0949978455901146,3.377420663833618
24.245,-0.0949978455901146,3.377420663833618
24.278,-0.0949978455901146,3.377420663833618
24.311,-0.0949978455901146,3.377420663833618
24.345,-0.0949978455901146,3.377420663833618
24.378,-0.0949978455901146,3.377420663833618
24.411,-0.0949978455901146,3.377420663833618
24.445,-0.0949978455901146,3.377420663833618
24.478,-0.0949978455901146,3.377420663833618
24.511,-0.0949978455901146,3.377420663833618
24.545,-0.0949978455901146,3.377420663833618
24.578,-0.0949978455901146,3.377420663833618
24.611,-0.0949978455901146,3.377420663833618
24.645,-0.0949978455901146,3.377420663833618
24.678,-0.0949978455901146,3.377420663833618
24.711,-0.0949978455901146,3.377420663833618
24.745,-0.0949978455901146,3.377420663833618
24.778,-0.0949978455901146,3.377420663833618
24.811,-0.0949978455901146,3.377420663833618
24.845,-0.0949978455901146,3.377420663833618
24.878,-0.0949978455901146,3.377420663833618
24.911,-0.0949978455901146,3.377420663833618
24.945,-0.0949978455901146,3.377420663833618
24.978,-0.0949978455901146,3.377420663833618
25.011,-0.0949978455901146,3.377420663833618
25.045,-0.0949978455901146,3.377420663833618
25.078,-0.0949978455901146,3.377420663833618
25.111,-0.0949978455901146,3.377420663833618
25.145,-0.0949978455901146,3.377420663833618
25.178,-0.0949978455901146,3.377420663833618
25.211,-0.0949978455901146,3.377420663833618
25.245,-0.0949978455901146,3.377420663833618
25.278,-0.0949978455901146,3.377420663833618
25.311,-0.0949978455901146,3.377420663833618
25.345,-0.0949978455901146,3.377420663833618
25.378,-0.0949978455901146,3.377420663833618
25.411,-0.0949978455901146,3.377420663833618
25.445,-0.0949978455901146,3.377420663833618
25.478,-0.0949978455901146,3.377420663833618
25.511,-0.0949978455901146,3.377420663833618
25.545,-0.0949978455901146,3.377420663833618
25.578,-0.0949978455901146,3.377420663833618
25.611,-0.0949978455901146,3.377420663833618
25.645,-0.0949978455901146,3.377420663833618
25.678,-0.0949978455901146,3.377420663833618
25.711,-0.0949978455901146,3.377420663833618
25.745,-0.0949978455901146,3.377420663833618
25.778,-0.0949978455901146,3.377420663833618
25.811,-0.0949978455901146,3.377420663833618
25.845,-0.0949978455901146,3.377420663833618
25.878,-0.0949978455901146,3.377420663833618
25.911,-0.0949978455901146,3.377420663833618
25.945,-0.0949978455901146,3.377420663833618
25.978,-0.0949978455901146,3.377420663833618
26.011,-0.0949978455901146,3.377420663833618
26.045,-0.0949978455901146,3.377420663833618
26.078,-0.0949978455901146,3.377420663833618
26.111,-0.0949978455901146,3.377420663833618
26.145,-0.0949978455901146,3.377420663833618
26.178,-0.0949978455901146,3.377420663833618
26.211,-0.0949978455901146,3.377420663833618
26.245,-0.0949978455901146,3.377420663833618
26.278,-0.0949978455901146,3.377420663833618
26.311,-0.0949978455901146,3.377420663833618
26.345,-0.0949978455901146,3.377420663833618
26.378,-0.0949978455901146,3.377420663833618
26.411,-0.0949978455901146,3.377420663833618
26.445,-0.0949978455901146,3.377420663833618
26.478,-0.0949978455901146,3.377420663833618
26.511,-0.0949978455901146,3.377420663833618
26.545,-0.0949978455901146,3.377420663833618
26.578,-0.0949978455901146,3.377420663833618
26.611,-0.0949978455901146,3.377420663833618
26.645,-0.0949978455901146,3.377420663833618
26.678,-0.0949978455901146,3.377420663833618
26.711,-0.0949978455901146,3.377420663833618
26.745,-0.0949978455901146,3.377420663833618
26.778,-0.0949978455901146,3.377420663833618
26.811,-0.0949978455901146,3.377420663833618
26.845,-0.0949978455901146,3.377420663833618
26.878,-0.0949978455901146,3.377420663833618
26.911,-0.0949978455901146,3.377420663833618
26.945,-0.0949978455901146,3.377420663833618
26.978,-0.0949978455901146,3.377420663833618
27.011,-0.0949978455901146,3.377420663833618
27.045,-0.0949978455901146,3.377420663833618
27.078,-0.0949978455901146,3.377420663833618
27.111,-0.0949978455901146,3.377420663833618
27.145,-0.0949978455901146,3.377420663833618
27.178,-0.0949978455901146,3.377420663833618
27.211,-0.0949978455901146,3.377420663833618
27.245,-0.0949978455901146,3.377420663833618
27.278,-0.0949978455901146,3.377420663833618
27.311,-0.0949978455901146,3.377420663833618
27.345,-0.0949978455901146,3.377420663833618
27.378,-0.0949978455901146,3.377420663833618
27.411,-0.0949978455901146,3.377420663833618
27.445,-0.0949978455901146,3.377420663833618
27.478,-0.0949978455901146,3.377420663833618
27.511,-0.0949978455901146,3.377420663833618
27.545,-0.0949978455901146,3.377420663833618
27.578,-0.0949978455901146,3.377420663833618
27.611,-0.0949978455901146,3.377420663833618
27.645,-0.0949978455901146,3.377420663833618
27.678,-0.0949978455901146,3.377420663833618
27.711,-0.0949978455901146,3.377420663833618
27.745,-0.0949978455901146,3.377420663833618
27.778,-0.0949978455901146,3.377420663833618
27.811,-0.0949978455901146,3.377420663833618
27.845,-0.0949978455901146,3.377420663833618
27.878,-0.0949978455901146,3.377420663833618
27.911,-0.0949978455901146,3.377420663833618
27.945,-0.0949978455901146,3.377420663833618
27.978,-0.0949978455901146,3.377420663833618
28.011,-0.0949978455901146,3.377420663833618
28.045,-0.0949978455901146,3.377420663833618
28.078,-0.0949978455901146,3.377420663833618
28.111,-0.0949978455901146,3.377420663833618
28.145,-0.0949978455901146,3.377420663833618
28.178,-0.0949978455901146,3.377420663833618
28.211,-0.0949978455901146,3.377420663833618
28.245,-0.0949978455901146,3.377420663833618
28.278,-0.0949978455901146,3.377420663833618
28.311,-0.0949978455901146,3.377420663833618
28.345,-0.0949978455901146,3.377420663833618
28.378,-0.0949978455901146,3.377420663833618
28.411,-0.0949978455901146,3.377420663833618
28.445,-0.0949978455901146,3.377420663833618
28.478,-0.0949978455901146,3.377420663833618
28.511,-0.0949978455901146,3.377420663833618
28.545,-0.0949978455901146,3.377420663833618
28.578,-0.0949978455901146,3.377420663833618
28.611,-0.0949978455901146,3.377420663833618
28.646,-0.05535785108804703,1.737631916999817
28.678,-0.05535785108804703,1.737631916999817
28.711,-0.05535785108804703,1.737631916999817
28.745,-0.05535785108804703,1.737631916999817
28.778,-0.05535785108804703,1.737631916999817
28.811,-0.05535785108804703,1.737631916999817
28.845,-0.05535785108804703,1.737631916999817
28.878,-0.05535785108804703,1.737631916999817
28.911,-0.05535785108804703,1.737631916999817
28.945,-0.05535785108804703,1.737631916999817
28.978,-0.05535785108804703,1.737631916999817
29.011,-0.05535785108804703,1.737631916999817
29.045,-0.05535785108804703,1.737631916999817
29.078,-0.05535785108804703,1.737631916999817
29.111,-0.05535785108804703,1.737631916999817
29.145,-0.05535785108804703,1.737631916999817
29.178,-0.05535785108804703,1.737631916999817
29.211,-0.05535785108804703,1.737631916999817
29.245,-0.05535785108804703,1.737631916999817
29.278,-0.05535785108804703,1.737631916999817
29.311,-0.05535785108804703,1.737631916999817
29.345,-0.05535785108804703,1.737631916999817
29.378,-0.05535785108804703,1.737631916999817
29.411,-0.05535785108804703,1.737631916999817
29.445,-0.05535785108804703,1.737631916999817
29.478,-0.05535785108804703,1.737631916999817
29.511,-0.05535785108804703,1.737631916999817
29.545,-0.05535785108804703,1.737631916999817
29.578,-0.05535785108804703,1.737631916999817
29.611,-0.05535785108804703,1.737631916999817
29.645,-0.05535785108804703,1.737631916999817
29.678,-0.05535785108804703,1.737631916999817
29.711,-0.05535785108804703,1.737631916999817
29.745,-0.05535785108804703,1.737631916999817
29.778,-0.05535785108804703,1.737631916999817
29.811,-0.05535785108804703,1.737631916999817
29.845,-0.05535785108804703,1.737631916999817
29.878,-0.05535785108804703,1.737631916999817
29.911,-0.05535785108804703,1.737631916999817
29.945,-0.05535785108804703,1.737631916999817
29.978,-0.05535785108804703,1.737631916999817
30.011,-0.05535785108804703,1.737631916999817
30.045,-0.05535785108804703,1.737631916999817
30.078,-0.05535785108804703,1.737631916999817
30.111,-0.05535785108804703,1.737631916999817
30.145,-0.05535785108804703,1.737631916999817
30.178,-0.05535785108804703,1.737631916999817
30.211,-0.05535785108804703,1.737631916999817
30.245,-0.05535785108804703,1.737631916999817
30.278,-0.05535785108804703,1.737631916999817
30.311,-0.05535785108804703,1.737631916999817
30.345,-0.05535785108804703,1.737631916999817
30.378,-0.05535785108804703,1.737631916999817
30.411,-0.05535785108804703,1.737631916999817
30.445,-0.05535785108804703,1.737631916999817
30.478,-0.05535785108804703,1.737631916999817
30.511,-0.05535785108804703,1.737631916999817
30.545,-0.05535785108804703,1.737631916999817
30.578,-0.05535785108804703,1.737631916999817
30.611,-0.05535785108804703,1.737631916999817
30.645,-0.05535785108804703,1.737631916999817
30.678,-0.05535785108804703,1.737631916999817
30.711,-0.05535785108804703,1.737631916999817
30.745,-0.05535785108804703,1.737631916999817
30.778,-0.05535785108804703,1.737631916999817
30.811,-0.05535785108804703,1.737631916999817
30.845,-0.05535785108804703,1.737631916999817
30.878,-0.05535785108804703,1.737631916999817
30.911,-0.05535785108804703,1.737631916999817
30.945,-0.05535785108804703,1.737631916999817
30.978,-0.05535785108804703,1.737631916999817
31.011,-0.05535785108804703,1.737631916999817
31.045,-0.05535785108804703,1.737631916999817
31.078,-0.05535785108804703,1.737631916999817
31.111,-0.05535785108804703,1.737631916999817
31.145,-0.05535785108804703,1.737631916999817
31.178,-0.05535785108804703,1.737631916999817
31.211,-0.05535785108804703,1.737631916999817
31.245,-0.05535785108804703,1.737631916999817
31.278,-0.05535785108804703,1.737631916999817
31.311,-0.05535785108804703,1.737631916999817
31.345,-0.05535785108804703,1.737631916999817
31.378,-0.05535785108804703,1.737631916999817
31.411,-0.05535785108804703,1.737631916999817
31.445,-0.05535785108804703,1.737631916999817
31.478,-0.05535785108804703,1.737631916999817
31.511,-0.05535785108804703,1.737631916999817
31.545,-0.05535785108804703,1.737631916999817
31.578,-0.05535785108804703,1.737631916999817
31.611,-0.05535785108804703,1.737631916999817
31.645,-0.05535785108804703,1.737631916999817
31.678,-0.05535785108804703,1.737631916999817
31.711,-0.05535785108804703,1.737631916999817
31.745,-0.05535785108804703,1.737631916999817
31.778,-0.05535785108804703,1.737631916999817
31.811,-0.05535785108804703,1.737631916999817
31.845,-0.05535785108804703,1.737631916999817
31.878,-0.05535785108804703,1.737631916999817
31.911,-0.05535785108804703,1.737631916999817
31.945,-0.05535785108804703,1.737631916999817
31.978,-0.05535785108804703,1.737631916999817
32.011,-0.05535785108804703,1.737631916999817
32.045,-0.05535785108804703,1.737631916999817
32.078,-0.05535785108804703,1.737631916999817
32.111,-0.05535785108804703,1.737631916999817
32.145,-0.05535785108804703,1.737631916999817
32.178,-0.05535785108804703,1.737631916999817
32.211,-0.05535785108804703,1.737631916999817
32.245,-0.05535785108804703,1.737631916999817
32.278,-0.05535785108804703,1.737631916999817
32.311,-0.05535785108804703,1.737631916999817
32.345,-0.05535785108804703,1.737631916999817
32.378,-0.05535785108804703,1.737631916999817
32.411,-0.05535785108804703,1.737631916999817
32.445,-0.05535785108804703,1.737631916999817
32.478,-0.05535785108804703,1.737631916999817
32.511,-0.05535785108804703,1.737631916999817
32.545,-0.05535785108804703,1.737631916999817
32.578,-0.05535785108804703,1.737631916999817
32.611,-0.05535785108804703,1.737631916999817
32.645,-0.05535785108804703,1.737631916999817
32.678,-0.05535785108804703,1.737631916999817
32.711,-0.05535785108804703,1.737631916999817
32.745,-0.05535785108804703,1.737631916999817
32.778,-0.05535785108804703,1.737631916999817
32.811,-0.05535785108804703,1.737631916999817
32.845,-0.05535785108804703,1.737631916999817
32.878,-0.05535785108804703,1.737631916999817
32.911,-0.05535785108804703,1.737631916999817
32.945,-0.05535785108804703,1.737631916999817
32.978,-0.05535785108804703,1.737631916999817
33.011,-0.05535785108804703,1.737631916999817
33.045,-0.05535785108804703,1.737631916999817
33.078,-0.05535785108804703,1.737631916999817
33.111,-0.05535785108804703,1.737631916999817
33.145,-0.05535785108804703,1.737631916999817
33.178,-0.05535785108804703,1.737631916999817
33.211,-0.05535785108804703,1.737631916999817
33.245,-0.05535785108804703,1.737631916999817
33.278,-0.05535785108804703,1.737631916999817
33.311,-0.05535785108804703,1.737631916999817
33.345,-0.05535785108804703,1.737631916999817
33.378,-0.05535785108804703,1.737631916999817
33.411,-0.05535785108804703,1.737631916999817
33.445,-0.05535785108804703,1.737631916999817
33.478,-0.05535785108804703,1.737631916999817
33.511,-0.05535785108804703,1.737631916999817
33.545,-0.05535785108804703,1.737631916999817
33.578,-0.05535785108804703,1.737631916999817
33.612,0.03533989563584328,3.8141205310821533
33.645,0.03533989563584328,3.8141205310821533
33.678,0.03533989563584328,3.8141205310821533
33.711,0.03533989563584328,3.8141205310821533
33.745,0.03533989563584328,3.8141205310821533
33.778,0.03533989563584328,3.8141205310821533
33.811,0.03533989563584328,3.8141205310821533
33.845,0.03533989563584328,3.8141205310821533
33.878,0.03533989563584328,3.8141205310821533
33.911,0.03533989563584328,3.8141205310821533
33.945,0.03533989563584328,3.8141205310821533
33.978,0.03533989563584328,3.8141205310821533
34.011,0.03533989563584328,3.8141205310821533
34.045,0.03533989563584328,3.8141205310821533
34.078,0.03533989563584328,3.8141205310821533
34.111,0.03533989563584328,3.8141205310821533
34.145,0.03533989563584328,3.8141205310821533
34.178,0.03533989563584328,3.8141205310821533
34.211,0.03533989563584328,3.8141205310821533
34.245,0.03533989563584328,3.8141205310821533
34.278,0.03533989563584328,3.8141205310821533
34.311,0.03533989563584328,3.8141205310821533
34.345,0.03533989563584328,3.8141205310821533
34.378,0.03533989563584328,3.8141205310821533
34.411,0.03533989563584328,3.8141205310821533
34.445,0.03533989563584328,3.8141205310821533
34.478,0.03533989563584328,3.8141205310821533
34.511,0.03533989563584328,3.8141205310821533
34.545,0.03533989563584328,3.8141205310821533
34.578,0.03533989563584328,3.8141205310821533
34.611,0.03533989563584328,3.8141205310821533
34.645,0.03533989563584328,3.8141205310821533
34.678,0.03533989563584328,3.8141205310821533
34.711,0.03533989563584328,3.8141205310821533
34.745,0.03533989563584328,3.8141205310821533
34.778,0.03533989563584328,3.8141205310821533
34.811,0.03533989563584328,3.8141205310821533
34.845,0.03533989563584328,3.8141205310821533
34.878,0.03533989563584328,3.8141205310821533
34.911,0.03533989563584328,3.8141205310821533
34.945,0.03533989563584328,3.8141205310821533
34.978,0.03533989563584328,3.8141205310821533
35.011,0.03533989563584328,3.8141205310821533
35.045,0.03533989563584328,3.8141205310821533
35.078,0.03533989563584328,3.8141205310821533
35.111,0.03533989563584328,3.8141205310821533
35.145,0.03533989563584328,3.8141205310821533
35.178,0.03533989563584328,3.8141205310821533
35.211,0.03533989563584328,3.8141205310821533
35.245,0.03533989563584328,3.8141205310821533
35.278,0.03533989563584328,3.8141205310821533
35.311,0.03533989563584328,3.8141205310821533
35.345,0.03533989563584328,3.8141205310821533
35.378,0.03533989563584328,3.8141205310821533
35.411,0.03533989563584328,3.8141205310821533
35.445,0.03533989563584328,3.8141205310821533
35.478,0.03533989563584328,3.8141205310821533
35.511,0.03533989563584328,3.8141205310821533
35.545,0.03533989563584328,3.8141205310821533
35.578,0.03533989563584328,3.8141205310821533
35.611,0.03533989563584328,3.8141205310821533
35.645,0.03533989563584328,3.8141205310821533
35.678,0.03533989563584328,3.8141205310821533
35.711,0.03533989563584328,3.8141205310821533
35.745,0.03533989563584328,3.8141205310821533
35.778,0.03533989563584328,3.8141205310821533
35.811,0.03533989563584328,3.8141205310821533
35.845,0.03533989563584328,3.8141205310821533
35.878,0.03533989563584328,3.8141205310821533
35.911,0.03533989563584328,3.8141205310821533
35.945,0.03533989563584328,3.8141205310821533
35.978,0.03533989563584328,3.8141205310821533
36.011,0.03533989563584328,3.8141205310821533
36.045,0.03533989563584328,3.8141205310821533
36.078,0.03533989563584328,3.8141205310821533
36.111,0.03533989563584328,3.8141205310821533
36.145,0.03533989563584328,3.8141205310821533
36.178,0.03533989563584328,3.8141205310821533
36.211,0.03533989563584328,3.8141205310821533
36.245,0.03533989563584328,3.8141205310821533
36.278,0.03533989563584328,3.8141205310821533
36.311,0.03533989563584328,3.8141205310821533
36.345,0.03533989563584328,3.8141205310821533
36.378,0.03533989563584328,3.8141205310821533
36.411,0.03533989563584328,3.8141205310821533
36.445,0.03533989563584328,3.8141205310821533
36.478,0.03533989563584328,3.8141205310821533
36.511,0.03533989563584328,3.8141205310821533
36.545,0.03533989563584328,3.8141205310821533
36.578,0.03533989563584328,3.8141205310821533
36.611,0.03533989563584328,3.8141205310821533
36.645,0.03533989563584328,3.8141205310821533
36.678,0.03533989563584328,3.8141205310821533
36.711,0.03533989563584328,3.8141205310821533
36.745,0.03533989563584328,3.8141205310821533
36.778,0.03533989563584328,3.8141205310821533
36.811,0.03533989563584328,3.8141205310821533
36.845,0.03533989563584328,3.8141205310821533
36.878,0.03533989563584328,3.8141205310821533
36.911,0.03533989563584328,3.8141205310821533
36.945,0.03533989563584328,3.8141205310821533
36.978,0.03533989563584328,3.8141205310821533
37.011,0.03533989563584328,3.8141205310821533
37.045,0.03533989563584328,3.8141205310821533
37.078,0.03533989563584328,3.8141205310821533
37.111,0.03533989563584328,3.8141205310821533
37.145,0.03533989563584328,3.8141205310821533
37.178,0.03533989563584328,3.8141205310821533
37.211,0.03533989563584328,3.8141205310821533
37.245,0.03533989563584328,3.8141205310821533
37.278,0.03533989563584328,3.8141205310821533
37.311,0.03533989563584328,3.8141205310821533
37.345,0.03533989563584328,3.8141205310821533
37.378,0.03533989563584328,3.8141205310821533
37.411,0.03533989563584328,3.8141205310821533
37.445,0.03533989563584328,3.8141205310821533
37.478,0.03533989563584328,3.8141205310821533
37.511,0.03533989563584328,3.8141205310821533
37.545,0.03533989563584328,3.8141205310821533
37.578,0.03533989563584328,3.8141205310821533
37.611,0.03533989563584328,3.8141205310821533
37.645,0.03533989563584328,3.8141205310821533
37.678,0.03533989563584328,3.8141205310821533
37.711,0.03533989563584328,3.8141205310821533
37.745,0.03533989563584328,3.8141205310821533
37.778,0.03533989563584328,3.8141205310821533
37.811,0.03533989563584328,3.8141205310821533
37.845,0.03533989563584328,3.8141205310821533
37.878,0.03533989563584328,3.8141205310821533
37.911,0.03533989563584328,3.8141205310821533
37.945,0.03533989563584328,3.8141205310821533
37.978,0.03533989563584328,3.8141205310821533
38.011,0.03533989563584328,3.8141205310821533
38.045,0.03533989563584328,3.8141205310821533
38.078,0.03533989563584328,3.8141205310821533
38.111,0.03533989563584328,3.8141205310821533
38.145,0.03533989563584328,3.8141205310821533
38.178,0.03533989563584328,3.8141205310821533
38.211,0.03533989563584328,3.8141205310821533
38.245,0.03533989563584328,3.8141205310821533
38.278,0.03533989563584328,3.8141205310821533
38.311,0.03533989563584328,3.8141205310821533
38.345,0.03533989563584328,3.8141205310821533
38.378,0.03533989563584328,3.8141205310821533
38.411,0.03533989563584328,3.8141205310821533
38.445,0.03533989563584328,3.8141205310821533
38.478,0.03533989563584328,3.8141205310821533
38.511,0.03533989563584328,3.8141205310821533
38.545,0.03533989563584328,3.8141205310821533
38.578,0.03533989563584328,3.8141205310821533
38.611,-0.08261223137378693,4.514808177947998
38.645,-0.08261223137378693,4.514808177947998
38.678,-0.08261223137378693,4.514808177947998
38.711,-0.08261223137378693,4.514808177947998
38.745,-0.08261223137378693,4.514808177947998
38.778,-0.08261223137378693,4.514808177947998
38.811,-0.08261223137378693,4.514808177947998
38.845,-0.08261223137378693,4.514808177947998
38.878,-0.08261223137378693,4.514808177947998
38.911,-0.08261223137378693,4.514808177947998
38.945,-0.08261223137378693,4.514808177947998
38.978,-0.08261223137378693,4.514808177947998
39.011,-0.08261223137378693,4.514808177947998
39.045,-0.08261223137378693,4.514808177947998
39.078,-0.08261223137378693,4.514808177947998
39.111,-0.08261223137378693,4.514808177947998
39.145,-0.08261223137378693,4.514808177947998
39.178,-0.08261223137378693,4.514808177947998
39.211,-0.08261223137378693,4.514808177947998
39.245,-0.08261223137378693,4.514808177947998
39.278,-0.08261223137378693,4.514808177947998
39.311,-0.08261223137378693,4.514808177947998
39.345,-0.08261223137378693,4.514808177947998
39.378,-0.08261223137378693,4.514808177947998
39.411,-0.08261223137378693,4.514808177947998
39.445,-0.08261223137378693,4.514808177947998
39.478,-0.08261223137378693,4.514808177947998
39.511,-0.08261223137378693,4.514808177947998
39.545,-0.08261223137378693,4.514808177947998
39.578,-0.08261223137378693,4.514808177947998
39.611,-0.08261223137378693,4.514808177947998
39.645,-0.08261223137378693,4.514808177947998
39.678,-0.08261223137378693,4.514808177947998
39.711,-0.08261223137378693,4.514808177947998
39.745,-0.08261223137378693,4.514808177947998
39.778,-0.08261223137378693,4.514808177947998
39.811,-0.08261223137378693,4.514808177947998
39.845,-0.08261223137378693,4.514808177947998
39.878,-0.08261223137378693,4.514808177947998
39.911,-0.08261223137378693,4.514808177947998
39.945,-0.08261223137378693,4.514808177947998
39.978,-0.08261223137378693,4.514808177947998
40.011,-0.08261223137378693,4.514808177947998
40.045,-0.08261223137378693,4.514808177947998
40.078,-0.08261223137378693,4.514808177947998
40.111,-0.08261223137378693,4.514808177947998
40.145,-0.08261223137378693,4.514808177947998
40.178,-0.08261223137378693,4.514808177947998
40.211,-0.08261223137378693,4.514808177947998
40.245,-0.08261223137378693,4.514808177947998
40.278,-0.08261223137378693,4.514808177947998
40.311,-0.08261223137378693,4.514808177947998
40.345,-0.08261223137378693,4.514808177947998
40.378,-0.08261223137378693,4.514808177947998
40.411,-0.08261223137378693,4.514808177947998
40.445,-0.08261223137378693,4.514808177947998
40.478,-0.08261223137378693,4.514808177947998
40.511,-0.08261223137378693,4.514808177947998
40.545,-0.08261223137378693,4.514808177947998
40.578,-0.08261223137378693,4.514808177947998
40.611,-0.08261223137378693,4.514808177947998
40.645,-0.08261223137378693,4.514808177947998
40.678,-0.08261223137378693,4.514808177947998
40.711,-0.08261223137378693,4.514808177947998
40.745,-0.08261223137378693,4.514808177947998
40.778,-0.08261223137378693,4.514808177947998
40.811,-0.08261223137378693,4.514808177947998
40.845,-0.08261223137378693,4.514808177947998
40.878,-0.08261223137378693,4.514808177947998
40.911,-0.08261223137378693,4.514808177947998
40.945,-0.08261223137378693,4.514808177947998
40.978,-0.08261223137378693,4.514808177947998
41.011,-0.08261223137378693,4.514808177947998
41.045,-0.08261223137378693,4.514808177947998
41.078,-0.08261223137378693,4.514808177947998
41.111,-0.08261223137378693,4.514808177947998
41.145,-0.08261223137378693,4.514808177947998
41.178,-0.08261223137378693,4.514808177947998
41.211,-0.08261223137378693,4.514808177947998
41.245,-0.08261223137378693,4.514808177947998
41.278,-0.08261223137378693,4.514808177947998
41.311,-0.08261223137378693,4.514808177947998
41.345,-0.08261223137378693,4.514808177947998
41.378,-0.08261223137378693,4.514808177947998
41.411,-0.08261223137378693,4.514808177947998
41.445,-0.08261223137378693,4.514808177947998
41.478,-0.08261223137378693,4.514808177947998
41.511,-0.08261223137378693,4.514808177947998
41.545,-0.08261223137378693,4.514808177947998
41.578,-0.08261223137378693,4.514808177947998
41.611,-0.08261223137378693,4.514808177947998
41.645,-0.08261223137378693,4.514808177947998
41.678,-0.08261223137378693,4.514808177947998
41.711,-0.08261223137378693,4.514808177947998
41.745,-0.08261223137378693,4.514808177947998
41.778,-0.08261223137378693,4.514808177947998
41.811,-0.08261223137378693,4.514808177947998
41.845,-0.08261223137378693,4.514808177947998
41.878,-0.08261223137378693,4.514808177947998
41.911,-0.08261223137378693,4.514808177947998
41.945,-0.08261223137378693,4.514808177947998
41.978,-0.08261223137378693,4.514808177947998
42.011,-0.08261223137378693,4.514808177947998
42.045,-0.08261223137378693,4.514808177947998
42.078,-0.08261223137378693,4.514808177947998
42.111,-0.08261223137378693,4.514808177947998
42.145,-0.08261223137378693,4.514808177947998
42.178,-0.08261223137378693,4.514808177947998
42.211,-0.08261223137378693,4.514808177947998
42.245,-0.08261223137378693,4.514808177947998
42.278,-0.08261223137378693,4.514808177947998
42.311,-0.08261223137378693,4.514808177947998
42.345,-0.08261223137378693,4.514808177947998
42.378,-0.08261223137378693,4.514808177947998
42.411,-0.08261223137378693,4.514808177947998
42.445,-0.08261223137378693,4.514808177947998
42.478,-0.08261223137378693,4.514808177947998
42.511,-0.08261223137378693,4.514808177947998
42.545,-0.08261223137378693,4.514808177947998
42.578,-0.08261223137378693,4.514808177947998
42.611,-0.08261223137378693,4.514808177947998
42.645,-0.08261223137378693,4.514808177947998
42.678,-0.08261223137378693,4.514808177947998
42.711,-0.08261223137378693,4.514808177947998
42.745,-0.08261223137378693,4.514808177947998
42.778,-0.08261223137378693,4.514808177947998
42.811,-0.08261223137378693,4.514808177947998
42.845,-0.08261223137378693,4.514808177947998
42.878,-0.08261223137378693,4.514808177947998
42.911,-0.08261223137378693,4.514808177947998
42.945,-0.08261223137378693,4.514808177947998
42.978,-0.08261223137378693,4.514808177947998
43.011,-0.08261223137378693,4.514808177947998
43.045,-0.08261223137378693,4.514808177947998
43.078,-0.08261223137378693,4.514808177947998
43.111,-0.08261223137378693,4.514808177947998
43.145,-0.08261223137378693,4.514808177947998
43.178,-0.08261223137378693,4.514808177947998
43.211,-0.08261223137378693,4.514808177947998
43.245,-0.08261223137378693,4.514808177947998
43.278,-0.08261223137378693,4.514808177947998
43.311,-0.08261223137378693,4.514808177947998
43.345,-0.08261223137378693,4.514808177947998
43.378,-0.08261223137378693,4.514808177947998
43.411,-0.08261223137378693,4.514808177947998
43.445,-0.08261223137378693,4.514808177947998
43.478,-0.08261223137378693,4.514808177947998
43.511,-0.08261223137378693,4.514808177947998
43.545,-0.08261223137378693,4.514808177947998
43.578,-0.08261223137378693,4.514808177947998
43.612,-0.09404055774211884,2.398648262023926
43.645,-0.09404055774211884,2.398648262023926
43.678,-0.09404055774211884,2.398648262023926
43.711,-0.09404055774211884,2.398648262023926
43.745,-0.09404055774211884,2.398648262023926
43.778,-0.09404055774211884,2.398648262023926
43.811,-0.09404055774211884,2.398648262023926
43.845,-0.09404055774211884,2.398648262023926
43.878,-0.09404055774211884,2.398648262023926
43.911,-0.09404055774211884,2.398648262023926
43.945,-0.09404055774211884,2.398648262023926
43.978,-0.09404055774211884,2.398648262023926
44.011,-0.09404055774211884,2.398648262023926
44.045,-0.09404055774211884,2.398648262023926
44.078,-0.09404055774211884,2.398648262023926
44.111,-0.09404055774211884,2.398648262023926
44.145,-0.09404055774211884,2.398648262023926
44.178,-0.09404055774211884,2.398648262023926
44.211,-0.09404055774211884,2.398648262023926
44.245,-0.09404055774211884,2.398648262023926
44.278,-0.09404055774211884,2.398648262023926
44.311,-0.09404055774211884,2.398648262023926
44.345,-0.09404055774211884,2.398648262023926
44.378,-0.09404055774211884,2.398648262023926
44.411,-0.09404055774211884,2.398648262023926
44.445,-0.09404055774211884,2.398648262023926
44.478,-0.09404055774211884,2.398648262023926
44.511,-0.09404055774211884,2.398648262023926
44.545,-0.09404055774211884,2.398648262023926
44.578,-0.09404055774211884,2.398648262023926
44.611,-0.09404055774211884,2.398648262023926
44.645,-0.09404055774211884,2.398648262023926
44.678,-0.09404055774211884,2.398648262023926
44.711,-0.09404055774211884,2.398648262023926
44.745,-0.09404055774211884,2.398648262023926
44.778,-0.09404055774211884,2.398648262023926
44.811,-0.09404055774211884,2.398648262023926
44.845,-0.09404055774211884,2.398648262023926
44.878,-0.09404055774211884,2.398648262023926
44.911,-0.09404055774211884,2.398648262023926
44.945,-0.09404055774211884,2.398648262023926
44.978,-0.09404055774211884,2.398648262023926
45.011,-0.09404055774211884,2.398648262023926
45.045,-0.09404055774211884,2.398648262023926
45.078,-0.09404055774211884,2.398648262023926
45.111,-0.09404055774211884,2.398648262023926
45.145,-0.09404055774211884,2.398648262023926
45.178,-0.09404055774211884,2.398648262023926
45.211,-0.09404055774211884,2.398648262023926
45.245,-0.09404055774211884,2.398648262023926
45.278,-0.09404055774211884,2.398648262023926
45.311,-0.09404055774211884,2.398648262023926
45.345,-0.09404055774211884,2.398648262023926
45.378,-0.09404055774211884,2.398648262023926
45.411,-0.09404055774211884,2.398648262023926
45.445,-0.09404055774211884,2.398648262023926
45.478,-0.09404055774211884,2.398648262023926
45.511,-0.09404055774211884,2.398648262023926
45.545,-0.09404055774211884,2.398648262023926
45.578,-0.09404055774211884,2.398648262023926
45.611,-0.09404055774211884,2.398648262023926
45.645,-0.09404055774211884,2.398648262023926
45.678,-0.09404055774211884,2.398648262023926
45.711,-0.09404055774211884,2.398648262023926
45.745,-0.09404055774211884,2.398648262023926
45.778,-0.09404055774211884,2.398648262023926
45.811,-0.09404055774211884,2.398648262023926
45.845,-0.09404055774211884,2.398648262023926
45.878,-0.09404055774211884,2.398648262023926
45.911,-0.09404055774211884,2.398648262023926
45.945,-0.09404055774211884,2.398648262023926
45.978,-0.09404055774211884,2.398648262023926
46.011,-0.09404055774211884,2.398648262023926
46.045,-0.09404055774211884,2.398648262023926
46.078,-0.09404055774211884,2.398648262023926
46.111,-0.09404055774211884,2.398648262023926
46.145,-0.09404055774211884,2.398648262023926
46.178,-0.09404055774211884,2.398648262023926
46.211,-0.09404055774211884,2.398648262023926
46.245,-0.09404055774211884,2.398648262023926
46.278,-0.09404055774211884,2.398648262023926
46.311,-0.09404055774211884,2.398648262023926
46.345,-0.09404055774211884,2.398648262023926
46.378,-0.09404055774211884,2.398648262023926
46.411,-0.09404055774211884,2.398648262023926
46.445,-0.09404055774211884,2.398648262023926
46.478,-0.09404055774211884,2.398648262023926
46.511,-0.09404055774211884,2.398648262023926
46.545,-0.09404055774211884,2.398648262023926
46.578,-0.09404055774211884,2.398648262023926
46.611,-0.09404055774211884,2.398648262023926
46.645,-0.09404055774211884,2.398648262023926
46.678,-0.09404055774211884,2.398648262023926
46.711,-0.09404055774211884,2.398648262023926
46.745,-0.09404055774211884,2.398648262023926
46.778,-0.09404055774211884,2.398648262023926
46.811,-0.09404055774211884,2.398648262023926
46.845,-0.09404055774211884,2.398648262023926
46.878,-0.09404055774211884,2.398648262023926
46.911,-0.09404055774211884,2.398648262023926
46.945,-0.09404055774211884,2.398648262023926
46.978,-0.09404055774211884,2.398648262023926
47.011,-0.09404055774211884,2.398648262023926
47.045,-0.09404055774211884,2.398648262023926
47.078,-0.09404055774211884,2.398648262023926
47.111,-0.09404055774211884,2.398648262023926
47.145,-0.09404055774211884,2.398648262023926
47.178,-0.09404055774211884,2.398648262023926
47.211,-0.09404055774211884,2.398648262023926
47.245,-0.09404055774211884,2.398648262023926
47.278,-0.09404055774211884,2.398648262023926
47.311,-0.09404055774211884,2.398648262023926
47.345,-0.09404055774211884,2.398648262023926
47.378,-0.09404055774211884,2.398648262023926
47.411,-0.09404055774211884,2.398648262023926
47.445,-0.09404055774211884,2.398648262023926
47.478,-0.09404055774211884,2.398648262023926
47.511,-0.09404055774211884,2.398648262023926
47.545,-0.09404055774211884,2.398648262023926
47.578,-0.09404055774211884,2.398648262023926
47.611,-0.09404055774211884,2.398648262023926
47.645,-0.09404055774211884,2.398648262023926
47.678,-0.09404055774211884,2.398648262023926
47.711,-0.09404055774211884,2.398648262023926
47.745,-0.09404055774211884,2.398648262023926
47.778,-0.09404055774211884,2.398648262023926
47.811,-0.09404055774211884,2.398648262023926
47.845,-0.09404055774211884,2.398648262023926
47.878,-0.09404055774211884,2.398648262023926
47.911,-0.09404055774211884,2.398648262023926
47.945,-0.09404055774211884,2.398648262023926
47.978,-0.09404055774211884,2.398648262023926
48.011,-0.09404055774211884,2.398648262023926
48.045,-0.09404055774211884,2.398648262023926
48.078,-0.09404055774211884,2.398648262023926
48.111,-0.09404055774211884,2.398648262023926
48.145,-0.09404055774211884,2.398648262023926
48.178,-0.09404055774211884,2.398648262023926
48.211,-0.09404055774211884,2.398648262023926
48.245,-0.09404055774211884,2.398648262023926
48.278,-0.09404055774211884,2.398648262023926
48.311,-0.09404055774211884,2.398648262023926
48.345,-0.09404055774211884,2.398648262023926
48.378,-0.09404055774211884,2.398648262023926
48.411,-0.09404055774211884,2.398648262023926
48.445,-0.09404055774211884,2.398648262023926
48.478,-0.09404055774211884,2.398648262023926
48.511,-0.09404055774211884,2.398648262023926
48.545,-0.09404055774211884,2.398648262023926
48.578,-0.09404055774211884,2.398648262023926
48.612,0.0010710576316341758,1.4838708639144897
48.645,0.0010710576316341758,1.4838708639144897
48.678,0.0010710576316341758,1.4838708639144897
48.711,0.0010710576316341758,1.4838708639144897
48.745,0.0010710576316341758,1.4838708639144897
48.778,0.0010710576316341758,1.4838708639144897
48.811,0.0010710576316341758,1.4838708639144897
48.845,0.0010710576316341758,1.4838708639144897
48.878,0.0010710576316341758,1.4838708639144897
48.911,0.0010710576316341758,1.4838708639144897
48.945,0.0010710576316341758,1.4838708639144897
48.978,0.0010710576316341758,1.4838708639144897
49.011,0.0010710576316341758,1.4838708639144897
49.045,0.0010710576316341758,1.4838708639144897
49.078,0.0010710576316341758,1.4838708639144897
49.111,0.0010710576316341758,1.4838708639144897
49.145,0.0010710576316341758,1.4838708639144897
49.178,0.0010710576316341758,1.4838708639144897
49.211,0.0010710576316341758,1.4838708639144897
49.245,0.0010710576316341758,1.4838708639144897
49.278,0.0010710576316341758,1.4838708639144897
49.311,0.0010710576316341758,1.4838708639144897
49.345,0.0010710576316341758,1.4838708639144897
49.378,0.0010710576316341758,1.4838708639144897
49.411,0.0010710576316341758,1.4838708639144897
49.445,0.0010710576316341758,1.4838708639144897
49.478,0.0010710576316341758,1.4838708639144897
49.511,0.0010710576316341758,1.4838708639144897
49.545,0.0010710576316341758,1.4838708639144897
49.578,0.0010710576316341758,1.4838708639144897
49.611,0.0010710576316341758,1.4838708639144897
49.645,0.0010710576316341758,1.4838708639144897
49.678,0.0010710576316341758,1.4838708639144897
49.711,0.0010710576316341758,1.4838708639144897
49.745,0.0010710576316341758,1.4838708639144897
49.778,0.0010710576316341758,1.4838708639144897
49.811,0.0010710576316341758,1.4838708639144897
49.845,0.0010710576316341758,1.4838708639144897
49.878,0.0010710576316341758,1.4838708639144897
49.911,0.0010710576316341758,1.4838708639144897
49.945,0.0010710576316341758,1.4838708639144897
49.978,0.0010710576316341758,1.4838708639144897
50.011,0.0010710576316341758,1.4838708639144897
50.045,0.0010710576316341758,1.4838708639144897
50.078,0.0010710576316341758,1.4838708639144897
50.111,0.0010710576316341758,1.4838708639144897
50.145,0.0010710576316341758,1.4838708639144897
50.178,0.0010710576316341758,1.4838708639144897
50.211,0.0010710576316341758,1.4838708639144897
50.245,0.0010710576316341758,1.4838708639144897
50.278,0.0010710576316341758,1.4838708639144897
50.311,0.0010710576316341758,1.4838708639144897
50.345,0.0010710576316341758,1.4838708639144897
50.378,0.0010710576316341758,1.4838708639144897
50.411,0.0010710576316341758,1.4838708639144897
50.445,0.0010710576316341758,1.4838708639144897
50.478,0.0010710576316341758,1.4838708639144897
50.511,0.0010710576316341758,1.4838708639144897
50.545,0.0010710576316341758,1.4838708639144897
50.578,0.0010710576316341758,1.4838708639144897
50.611,0.0010710576316341758,1.4838708639144897
50.645,0.0010710576316341758,1.4838708639144897
50.678,0.0010710576316341758,1.4838708639144897
50.711,0.0010710576316341758,1.4838708639144897
50.745,0.0010710576316341758,1.4838708639144897
50.778,0.0010710576316341758,1.4838708639144897
50.811,0.0010710576316341758,1.4838708639144897
50.845,0.0010710576316341758,1.4838708639144897
50.878,0.0010710576316341758,1.4838708639144897
50.911,0.0010710576316341758,1.4838708639144897
50.945,0.0010710576316341758,1.4838708639144897
50.978,0.0010710576316341758,1.4838708639144897
51.011,0.0010710576316341758,1.4838708639144897
51.045,0.0010710576316341758,1.4838708639144897
51.078,0.0010710576316341758,1.4838708639144897
51.111,0.0010710576316341758,1.4838708639144897
51.145,0.0010710576316341758,1.4838708639144897
51.178,0.0010710576316341758,1.4838708639144897
51.211,0.0010710576316341758,1.4838708639144897
51.245,0.0010710576316341758,1.4838708639144897
51.278,0.0010710576316341758,1.4838708639144897
51.311,0.0010710576316341758,1.4838708639144897
51.345,0.0010710576316341758,1.4838708639144897
51.378,0.0010710576316341758,1.4838708639144897
51.411,0.0010710576316341758,1.4838708639144897
51.445,0.0010710576316341758,1.4838708639144897
51.478,0.0010710576316341758,1.4838708639144897
51.511,0.0010710576316341758,1.4838708639144897
51.545,0.0010710576316341758,1.4838708639144897
51.578,0.0010710576316341758,1.4838708639144897
51.611,0.0010710576316341758,1.4838708639144897
51.645,0.0010710576316341758,1.4838708639144897
51.678,0.0010710576316341758,1.4838708639144897
51.711,0.0010710576316341758,1.4838708639144897
51.745,0.0010710576316341758,1.4838708639144897
51.778,0.0010710576316341758,1.4838708639144897
51.811,0.0010710576316341758,1.4838708639144897
51.845,0.0010710576316341758,1.4838708639144897
51.878,0.0010710576316341758,1.4838708639144897
51.911,0.0010710576316341758,1.4838708639144897
51.945,0.0010710576316341758,1.4838708639144897
51.978,0.0010710576316341758,1.4838708639144897
52.011,0.0010710576316341758,1.4838708639144897
52.045,0.0010710576316341758,1.4838708639144897
52.078,0.0010710576316341758,1.4838708639144897
52.111,0.0010710576316341758,1.4838708639144897
52.145,0.0010710576316341758,1.4838708639144897
52.178,0.0010710576316341758,1.4838708639144897
52.211,0.0010710576316341758,1.4838708639144897
52.245,0.0010710576316341758,1.4838708639144897
52.278,0.0010710576316341758,1.4838708639144897
52.311,0.0010710576316341758,1.4838708639144897
52.345,0.0010710576316341758,1.4838708639144897
52.378,0.0010710576316341758,1.4838708639144897
52.411,0.0010710576316341758,1.4838708639144897
52.445,0.0010710576316341758,1.4838708639144897
52.478,0.0010710576316341758,1.4838708639144897
52.511,0.0010710576316341758,1.4838708639144897
52.545,0.0010710576316341758,1.4838708639144897
52.578,0.0010710576316341758,1.4838708639144897
52.611,0.0010710576316341758,1.4838708639144897
52.645,0.0010710576316341758,1.4838708639144897
52.678,0.0010710576316341758,1.4838708639144897
52.711,0.0010710576316341758,1.4838708639144897
52.745,0.0010710576316341758,1.4838708639144897
52.778,0.0010710576316341758,1.4838708639144897
52.811,0.0010710576316341758,1.4838708639144897
52.845,0.0010710576316341758,1.4838708639144897
52.878,0.0010710576316341758,1.4838708639144897
52.911,0.0010710576316341758,1.4838708639144897
52.945,0.0010710576316341758,1.4838708639144897
52.978,0.0010710576316341758,1.4838708639144897
53.011,0.0010710576316341758,1.4838708639144897
53.045,0.0010710576316341758,1.4838708639144897
53.078,0.0010710576316341758,1.4838708639144897
53.111,0.0010710576316341758,1.4838708639144897
53.145,0.0010710576316341758,1.4838708639144897
53.178,0.0010710576316341758,1.4838708639144897
53.211,0.0010710576316341758,1.4838708639144897
53.245,0.0010710576316341758,1.4838708639144897
53.278,0.0010710576316341758,1.4838708639144897
53.311,0.0010710576316341758,1.4838708639144897
53.345,0.0010710576316341758,1.4838708639144897
53.378,0.0010710576316341758,1.4838708639144897
53.411,0.0010710576316341758,1.4838708639144897
53.445,0.0010710576316341758,1.4838708639144897
53.478,0.0010710576316341758,1.4838708639144897
53.511,0.0010710576316341758,1.4838708639144897
53.545,0.0010710576316341758,1.4838708639144897
53.578,0.0010710576316341758,1.4838708639144897
53.612,-0.06023247167468071,0.6194118857383728
53.645,-0.06023247167468071,0.6194118857383728
53.678,-0.06023247167468071,0.6194118857383728
53.711,-0.06023247167468071,0.6194118857383728
53.745,-0.06023247167468071,0.6194118857383728
53.778,-0.06023247167468071,0.6194118857383728
53.811,-0.06023247167468071,0.6194118857383728
53.845,-0.06023247167468071,0.6194118857383728
53.878,-0.06023247167468071,0.6194118857383728
53.911,-0.06023247167468071,0.6194118857383728
53.945,-0.06023247167468071,0.6194118857383728
53.978,-0.06023247167468071,0.6194118857383728
54.011,-0.06023247167468071,0.6194118857383728
54.045,-0.06023247167468071,0.6194118857383728
54.078,-0.06023247167468071,0.6194118857383728
54.111,-0.06023247167468071,0.6194118857383728
54.145,-0.06023247167468071,0.6194118857383728
54.178,-0.06023247167468071,0.6194118857383728
54.211,-0.06023247167468071,0.6194118857383728
54.245,-0.06023247167468071,0.6194118857383728
54.278,-0.06023247167468071,0.6194118857383728
54.311,-0.06023247167468071,0.6194118857383728
54.345,-0.06023247167468071,0.6194118857383728
54.378,-0.06023247167468071,0.6194118857383728
54.411,-0.06023247167468071,0.6194118857383728
54.445,-0.06023247167468071,0.6194118857383728
54.478,-0.06023247167468071,0.6194118857383728
54.511,-0.06023247167468071,0.6194118857383728
54.545,-0.06023247167468071,0.6194118857383728
54.578,-0.06023247167468071,0.6194118857383728
54.611,-0.06023247167468071,0.6194118857383728
54.645,-0.06023247167468071,0.6194118857383728
54.678,-0.06023247167468071,0.6194118857383728
54.711,-0.06023247167468071,0.6194118857383728
54.745,-0.06023247167468071,0.6194118857383728
54.778,-0.06023247167468071,0.6194118857383728
54.811,-0.06023247167468071,0.6194118857383728
54.845,-0.06023247167468071,0.6194118857383728
54.878,-0.06023247167468071,0.6194118857383728
54.911,-0.06023247167468071,0.6194118857383728
54.945,-0.06023247167468071,0.6194118857383728
54.978,-0.06023247167468071,0.6194118857383728
55.011,-0.06023247167468071,0.6194118857383728
55.045,-0.06023247167468071,0.6194118857383728
55.078,-0.06023247167468071,0.6194118857383728
55.111,-0.06023247167468071,0.6194118857383728
55.145,-0.06023247167468071,0.6194118857383728
55.178,-0.06023247167468071,0.6194118857383728
55.211,-0.06023247167468071,0.6194118857383728
55.245,-0.06023247167468071,0.6194118857383728
55.278,-0.06023247167468071,0.6194118857383728
55.311,-0.06023247167468071,0.6194118857383728
55.345,-0.06023247167468071,0.6194118857383728
55.378,-0.06023247167468071,0.6194118857383728
55.411,-0.06023247167468071,0.6194118857383728
55.445,-0.06023247167468071,0.6194118857383728
55.478,-0.06023247167468071,0.6194118857383728
55.511,-0.06023247167468071,0.6194118857383728
55.545,-0.06023247167468071,0.6194118857383728
55.578,-0.06023247167468071,0.6194118857383728
55.611,-0.06023247167468071,0.6194118857383728
55.645,-0.06023247167468071,0.6194118857383728
55.678,-0.06023247167468071,0.6194118857383728
55.711,-0.06023247167468071,0.6194118857383728
55.745,-0.06023247167468071,0.6194118857383728
55.778,-0.06023247167468071,0.6194118857383728
55.811,-0.06023247167468071,0.6194118857383728
55.845,-0.06023247167468071,0.6194118857383728
55.878,-0.06023247167468071,0.6194118857383728
55.911,-0.06023247167468071,0.6194118857383728
55.945,-0.06023247167468071,0.6194118857383728
55.978,-0.06023247167468071,0.6194118857383728
56.011,-0.06023247167468071,0.6194118857383728
56.045,-0.06023247167468071,0.6194118857383728
56.078,-0.06023247167468071,0.6194118857383728
56.111,-0.06023247167468071,0.6194118857383728
56.145,-0.06023247167468071,0.6194118857383728
56.178,-0.06023247167468071,0.6194118857383728
56.211,-0.06023247167468071,0.6194118857383728
56.245,-0.06023247167468071,0.6194118857383728
56.278,-0.06023247167468071,0.6194118857383728
56.311,-0.06023247167468071,0.6194118857383728
56.345,-0.06023247167468071,0.6194118857383728
56.378,-0.06023247167468071,0.6194118857383728
56.411,-0.06023247167468071,0.6194118857383728
56.445,-0.06023247167468071,0.6194118857383728
56.478,-0.06023247167468071,0.6194118857383728
56.511,-0.06023247167468071,0.6194118857383728
56.545,-0.06023247167468071,0.6194118857383728
56.578,-0.06023247167468071,0.6194118857383728
56.611,-0.06023247167468071,0.6194118857383728
56.645,-0.06023247167468071,0.6194118857383728
56.678,-0.06023247167468071,0.6194118857383728
56.711,-0.06023247167468071,0.6194118857383728
56.745,-0.06023247167468071,0.6194118857383728
56.778,-0.06023247167468071,0.6194118857383728
56.811,-0.06023247167468071,0.6194118857383728
56.845,-0.06023247167468071,0.6194118857383728
56.878,-0.06023247167468071,0.6194118857383728
56.911,-0.06023247167468071,0.6194118857383728
56.945,-0.06023247167468071,0.6194118857383728
56.978,-0.06023247167468071,0.6194118857383728
57.011,-0.06023247167468071,0.6194118857383728
57.045,-0.06023247167468071,0.6194118857383728
57.078,-0.06023247167468071,0.6194118857383728
57.111,-0.06023247167468071,0.6194118857383728
57.145,-0.06023247167468071,0.6194118857383728
57.178,-0.06023247167468071,0.6194118857383728
57.211,-0.06023247167468071,0.6194118857383728
57.245,-0.06023247167468071,0.6194118857383728
57.278,-0.06023247167468071,0.6194118857383728
57.311,-0.06023247167468071,0.6194118857383728
57.345,-0.06023247167468071,0.6194118857383728
57.378,-0.06023247167468071,0.6194118857383728
57.411,-0.06023247167468071,0.6194118857383728
57.445,-0.06023247167468071,0.6194118857383728
57.478,-0.06023247167468071,0.6194118857383728
57.511,-0.06023247167468071,0.6194118857383728
57.545,-0.06023247167468071,0.6194118857383728
57.578,-0.06023247167468071,0.6194118857383728
57.611,-0.06023247167468071,0.6194118857383728
57.645,-0.06023247167468071,0.6194118857383728
57.678,-0.06023247167468071,0.6194118857383728
57.711,-0.06023247167468071,0.6194118857383728
57.745,-0.06023247167468071,0.6194118857383728
57.778,-0.06023247167468071,0.6194118857383728
57.811,-0.06023247167468071,0.6194118857383728
57.845,-0.06023247167468071,0.6194118857383728
57.878,-0.06023247167468071,0.6194118857383728
57.911,-0.06023247167468071,0.6194118857383728
57.945,-0.06023247167468071,0.6194118857383728
57.978,-0.06023247167468071,0.6194118857383728
58.011,-0.06023247167468071,0.6194118857383728
58.045,-0.06023247167468071,0.6194118857383728
58.078,-0.06023247167468071,0.6194118857383728
58.111,-0.06023247167468071,0.6194118857383728
58.145,-0.06023247167468071,0.6194118857383728
58.178,-0.06023247167468071,0.6194118857383728
58.211,-0.06023247167468071,0.6194118857383728
58.245,-0.06023247167468071,0.6194118857383728
58.278,-0.06023247167468071,0.6194118857383728
58.311,-0.06023247167468071,0.6194118857383728
58.345,-0.06023247167468071,0.6194118857383728
58.378,-0.06023247167468071,0.6194118857383728
58.411,-0.06023247167468071,0.6194118857383728
58.445,-0.06023247167468071,0.6194118857383728
58.478,-0.06023247167468071,0.6194118857383728
58.511,-0.06023247167468071,0.6194118857383728
58.545,-0.06023247167468071,0.6194118857383728
58.578,-0.06023247167468071,0.6194118857383728
58.612,0.008988295681774616,3.4244799613952637
58.645,0.008988295681774616,3.4244799613952637
58.678,0.008988295681774616,3.4244799613952637
58.711,0.008988295681774616,3.4244799613952637
58.745,0.008988295681774616,3.4244799613952637
58.778,0.008988295681774616,3.4244799613952637
58.811,0.008988295681774616,3.4244799613952637
58.845,0.008988295681774616,3.4244799613952637
58.878,0.008988295681774616,3.4244799613952637
58.911,0.008988295681774616,3.4244799613952637
58.945,0.008988295681774616,3.4244799613952637
58.978,0.008988295681774616,3.4244799613952637
59.011,0.008988295681774616,3.4244799613952637
59.045,0.008988295681774616,3.4244799613952637
59.078,0.008988295681774616,3.4244799613952637
59.111,0.008988295681774616,3.4244799613952637
59.145,0.008988295681774616,3.4244799613952637
59.178,0.008988295681774616,3.4244799613952637
59.211,0.008988295681774616,3.4244799613952637
59.245,0.008988295681774616,3.4244799613952637
59.278,0.008988295681774616,3.4244799613952637
59.311,0.008988295681774616,3.4244799613952637
59.345,0.008988295681774616,3.4244799613952637
59.378,0.008988295681774616,3.4244799613952637
59.411,0.008988295681774616,3.4244799613952637
59.445,0.008988295681774616,3.4244799613952637
59.478,0.008988295681774616,3.4244799613952637
59.511,0.008988295681774616,3.4244799613952637
59.545,0.008988295681774616,3.4244799613952637
59.578,0.008988295681774616,3.4244799613952637
59.611,0.008988295681774616,3.4244799613952637
59.645,0.008988295681774616,3.4244799613952637
59.678,0.008988295681774616,3.4244799613952637
59.711,0.008988295681774616,3.4244799613952637
59.745,0.008988295681774616,3.4244799613952637
59.778,0.008988295681774616,3.4244799613952637
59.811,0.008988295681774616,3.4244799613952637
59.845,0.008988295681774616,3.4244799613952637
59.878,0.008988295681774616,3.4244799613952637
59.911,0.008988295681774616,3.4244799613952637
59.945,0.008988295681774616,3.4244799613952637
59.978,0.008988295681774616,3.4244799613952637
60.011,0.008988295681774616,3.4244799613952637
60.045,0.008988295681774616,3.4244799613952637
60.078,0.008988295681774616,3.4244799613952637
60.111,0.008988295681774616,3.4244799613952637
60.145,0.008988295681774616,3.4244799613952637
60.178,0.008988295681774616,3.4244799613952637
60.211,0.008988295681774616,3.4244799613952637
60.245,0.008988295681774616,3.4244799613952637
60.278,0.008988295681774616,3.4244799613952637
60.311,0.008988295681774616,3.4244799613952637
60.345,0.008988295681774616,3.4244799613952637
60.378,0.008988295681774616,3.4244799613952637
60.411,0.008988295681774616,3.4244799613952637
60.445,0.008988295681774616,3.4244799613952637
60.478,0.008988295681774616,3.4244799613952637
60.511,0.008988295681774616,3.4244799613952637
60.545,0.008988295681774616,3.4244799613952637
60.578,0.008988295681774616,3.4244799613952637
60.611,0.008988295681774616,3.4244799613952637
60.645,0.008988295681774616,3.4244799613952637
60.678,0.008988295681774616,3.4244799613952637
60.711,0.008988295681774616,3.4244799613952637
60.745,0.008988295681774616,3.4244799613952637
60.778,0.008988295681774616,3.4244799613952637
60.811,0.008988295681774616,3.4244799613952637
60.845,0.008988295681774616,3.4244799613952637
60.878,0.008988295681774616,3.4244799613952637
60.911,0.008988295681774616,3.4244799613952637
60.945,0.008988295681774616,3.4244799613952637
60.978,0.008988295681774616,3.4244799613952637
61.011,0.008988295681774616,3.4244799613952637
61.045,0.008988295681774616,3.4244799613952637
61.078,0.008988295681774616,3.4244799613952637
61.111,0.008988295681774616,3.4244799613952637
61.145,0.008988295681774616,3.4244799613952637
61.178,0.008988295681774616,3.4244799613952637
61.211,0.008988295681774616,3.4244799613952637
61.245,0.008988295681774616,3.4244799613952637
61.278,0.008988295681774616,3.4244799613952637
61.311,0.008988295681774616,3.4244799613952637
61.345,0.008988295681774616,3.4244799613952637
61.378,0.008988295681774616,3.4244799613952637
61.411,0.008988295681774616,3.4244799613952637
61.445,0.008988295681774616,3.4244799613952637
61.478,0.008988295681774616,3.4244799613952637
61.511,0.008988295681774616,3.4244799613952637
61.545,0.008988295681774616,3.4244799613952637
61.578,0.008988295681774616,3.4244799613952637
61.611,0.008988295681774616,3.4244799613952637
61.645,0.008988295681774616,3.4244799613952637
61.678,0.008988295681774616,3.4244799613952637
61.711,0.008988295681774616,3.4244799613952637
61.745,0.008988295681774616,3.4244799613952637
61.778,0.008988295681774616,3.4244799613952637
61.811,0.008988295681774616,3.4244799613952637
61.845,0.008988295681774616,3.4244799613952637
61.878,0.008988295681774616,3.4244799613952637
61.911,0.008988295681774616,3.4244799613952637
61.945,0.008988295681774616,3.4244799613952637
61.978,0.008988295681774616,3.4244799613952637
62.011,0.008988295681774616,3.4244799613952637
62.045,0.008988295681774616,3.4244799613952637
62.078,0.008988295681774616,3.4244799613952637
62.111,0.008988295681774616,3.4244799613952637
62.145,0.008988295681774616,3.4244799613952637
62.178,0.008988295681774616,3.4244799613952637
62.211,0.008988295681774616,3.4244799613952637
62.245,0.008988295681774616,3.4244799613952637
62.278,0.008988295681774616,3.4244799613952637
62.311,0.008988295681774616,3.4244799613952637
62.345,0.008988295681774616,3.4244799613952637
62.378,0.008988295681774616,3.4244799613952637
62.411,0.008988295681774616,3.4244799613952637
62.445,0.008988295681774616,3.4244799613952637
62.478,0.008988295681774616,3.4244799613952637
62.511,0.008988295681774616,3.4244799613952637
62.545,0.008988295681774616,3.4244799613952637
62.578,0.008988295681774616,3.4244799613952637
62.611,0.008988295681774616,3.4244799613952637
62.645,0.008988295681774616,3.4244799613952637
62.678,0.008988295681774616,3.4244799613952637
62.711,0.008988295681774616,3.4244799613952637
62.745,0.008988295681774616,3.4244799613952637
62.778,0.008988295681774616,3.4244799613952637
62.811,0.008988295681774616,3.4244799613952637
62.845,0.008988295681774616,3.4244799613952637
62.878,0.008988295681774616,3.4244799613952637
62.911,0.008988295681774616,3.4244799613952637
62.945,0.008988295681774616,3.4244799613952637
62.978,0.008988295681774616,3.4244799613952637
63.011,0.008988295681774616,3.4244799613952637
63.045,0.008988295681774616,3.4244799613952637
63.078,0.008988295681774616,3.4244799613952637
63.111,0.008988295681774616,3.4244799613952637
63.145,0.008988295681774616,3.4244799613952637
63.178,0.008988295681774616,3.4244799613952637
63.211,0.008988295681774616,3.4244799613952637
63.245,0.008988295681774616,3.4244799613952637
63.278,0.008988295681774616,3.4244799613952637
63.311,0.008988295681774616,3.4244799613952637
63.345,0.008988295681774616,3.4244799613952637
63.378,0.008988295681774616,3.4244799613952637
63.411,0.008988295681774616,3.4244799613952637
63.445,0.008988295681774616,3.4244799613952637
63.478,0.008988295681774616,3.4244799613952637
63.511,0.008988295681774616,3.4244799613952637
63.545,0.008988295681774616,3.4244799613952637
63.578,0.008988295681774616,3.4244799613952637
63.611,0.008988295681774616,3.4244799613952637
63.646,0.017853137105703354,1.4919828176498413
63.678,0.017853137105703354,1.4919828176498413
63.711,0.017853137105703354,1.4919828176498413
63.745,0.017853137105703354,1.4919828176498413
63.778,0.017853137105703354,1.4919828176498413
63.811,0.017853137105703354,1.4919828176498413
63.845,0.017853137105703354,1.4919828176498413
63.878,0.017853137105703354,1.4919828176498413
63.911,0.017853137105703354,1.4919828176498413
63.945,0.017853137105703354,1.4919828176498413
63.978,0.017853137105703354,1.4919828176498413
64.011,0.017853137105703354,1.4919828176498413
64.045,0.017853137105703354,1.4919828176498413
64.078,0.017853137105703354,1.4919828176498413
64.111,0.017853137105703354,1.4919828176498413
64.145,0.017853137105703354,1.4919828176498413
64.178,0.017853137105703354,1.4919828176498413
64.211,0.017853137105703354,1.4919828176498413
64.245,0.017853137105703354,1.4919828176498413
64.278,0.017853137105703354,1.4919828176498413
64.311,0.017853137105703354,1.4919828176498413
64.345,0.017853137105703354,1.4919828176498413
64.378,0.017853137105703354,1.4919828176498413
64.411,0.017853137105703354,1.4919828176498413
64.445,0.017853137105703354,1.4919828176498413
64.478,0.017853137105703354,1.4919828176498413
64.511,0.017853137105703354,1.4919828176498413
64.545,0.017853137105703354,1.4919828176498413
64.578,0.017853137105703354,1.4919828176498413
64.611,0.017853137105703354,1.4919828176498413
64.645,0.017853137105703354,1.4919828176498413
64.678,0.017853137105703354,1.4919828176498413
64.711,0.017853137105703354,1.4919828176498413
64.745,0.017853137105703354,1.4919828176498413
64.778,0.017853137105703354,1.4919828176498413
64.811,0.017853137105703354,1.4919828176498413
64.845,0.017853137105703354,1.4919828176498413
64.878,0.017853137105703354,1.4919828176498413
64.911,0.017853137105703354,1.4919828176498413
64.945,0.017853137105703354,1.4919828176498413
64.978,0.017853137105703354,1.4919828176498413
65.011,0.017853137105703354,1.4919828176498413
65.045,0.017853137105703354,1.4919828176498413
65.078,0.017853137105703354,1.4919828176498413
65.111,0.017853137105703354,1.4919828176498413
65.145,0.017853137105703354,1.4919828176498413
65.178,0.017853137105703354,1.4919828176498413
65.211,0.017853137105703354,1.4919828176498413
65.245,0.017853137105703354,1.4919828176498413
65.278,0.017853137105703354,1.4919828176498413
65.311,0.017853137105703354,1.4919828176498413
65.345,0.017853137105703354,1.4919828176498413
65.378,0.017853137105703354,1.4919828176498413
65.411,0.017853137105703354,1.4919828176498413
65.445,0.017853137105703354,1.4919828176498413
65.478,0.017853137105703354,1.4919828176498413
65.511,0.017853137105703354,1.4919828176498413
65.545,0.017853137105703354,1.4919828176498413
65.578,0.017853137105703354,1.4919828176498413
65.611,0.017853137105703354,1.4919828176498413
65.645,0.017853137105703354,1.4919828176498413
65.678,0.017853137105703354,1.4919828176498413
65.711,0.017853137105703354,1.4919828176498413
65.745,0.017853137105703354,1.4919828176498413
65.778,0.017853137105703354,1.4919828176498413
65.811,0.017853137105703354,1.4919828176498413
65.845,0.017853137105703354,1.4919828176498413
65.878,0.017853137105703354,1.4919828176498413
65.911,0.017853137105703354,1.4919828176498413
65.945,0.017853137105703354,1.4919828176498413
65.978,0.017853137105703354,1.4919828176498413
66.011,0.017853137105703354,1.4919828176498413
66.045,0.017853137105703354,1.4919828176498413
66.078,0.017853137105703354,1.4919828176498413
66.111,0.017853137105703354,1.4919828176498413
66.145,0.017853137105703354,1.4919828176498413
66.178,0.017853137105703354,1.4919828176498413
66.211,0.017853137105703354,1.4919828176498413
66.245,0.017853137105703354,1.4919828176498413
66.278,0.017853137105703354,1.4919828176498413
66.311,0.017853137105703354,1.4919828176498413
66.345,0.017853137105703354,1.4919828176498413
66.378,0.017853137105703354,1.4919828176498413
66.411,0.017853137105703354,1.4919828176498413
66.445,0.017853137105703354,1.4919828176498413
66.478,0.017853137105703354,1.4919828176498413
66.511,0.017853137105703354,1.4919828176498413
66.545,0.017853137105703354,1.4919828176498413
66.578,0.017853137105703354,1.4919828176498413
66.611,0.017853137105703354,1.4919828176498413
66.645,0.017853137105703354,1.4919828176498413
66.678,0.017853137105703354,1.4919828176498413
66.711,0.017853137105703354,1.4919828176498413
66.745,0.017853137105703354,1.4919828176498413
66.778,0.017853137105703354,1.4919828176498413
66.811,0.017853137105703354,1.4919828176498413
66.845,0.017853137105703354,1.4919828176498413
66.878,0.017853137105703354,1.4919828176498413
66.911,0.017853137105703354,1.4919828176498413
66.945,0.017853137105703354,1.4919828176498413
66.978,0.017853137105703354,1.4919828176498413
67.011,0.017853137105703354,1.4919828176498413
67.045,0.017853137105703354,1.4919828176498413
67.078,0.017853137105703354,1.4919828176498413
67.111,0.017853137105703354,1.4919828176498413
67.145,0.017853137105703354,1.4919828176498413
67.178,0.017853137105703354,1.4919828176498413
67.211,0.017853137105703354,1.4919828176498413
67.245,0.017853137105703354,1.4919828176498413
67.278,0.017853137105703354,1.4919828176498413
67.311,0.017853137105703354,1.4919828176498413
67.345,0.017853137105703354,1.4919828176498413
67.378,0.017853137105703354,1.4919828176498413
67.411,0.017853137105703354,1.4919828176498413
67.445,0.017853137105703354,1.4919828176498413
67.478,0.017853137105703354,1.4919828176498413
67.511,0.017853137105703354,1.4919828176498413
67.545,0.017853137105703354,1.4919828176498413
67.578,0.017853137105703354,1.4919828176498413
67.611,0.017853137105703354,1.4919828176498413
67.645,0.017853137105703354,1.4919828176498413
67.678,0.017853137105703354,1.4919828176498413
67.711,0.017853137105703354,1.4919828176498413
67.745,0.017853137105703354,1.4919828176498413
67.778,0.017853137105703354,1.4919828176498413
67.811,0.017853137105703354,1.4919828176498413
67.845,0.017853137105703354,1.4919828176498413
67.878,0.017853137105703354,1.4919828176498413
67.911,0.017853137105703354,1.4919828176498413
67.945,0.017853137105703354,1.4919828176498413
67.978,0.017853137105703354,1.4919828176498413
68.011,0.017853137105703354,1.4919828176498413
68.045,0.017853137105703354,1.4919828176498413
68.078,0.017853137105703354,1.4919828176498413
68.111,0.017853137105703354,1.4919828176498413
68.145,0.017853137105703354,1.4919828176498413
68.178,0.017853137105703354,1.4919828176498413
68.211,0.017853137105703354,1.4919828176498413
68.245,0.017853137105703354,1.4919828176498413
68.278,0.017853137105703354,1.4919828176498413
68.311,0.017853137105703354,1.4919828176498413
68.345,0.017853137105703354,1.4919828176498413
68.378,0.017853137105703354,1.4919828176498413
68.411,0.017853137105703354,1.4919828176498413
68.445,0.017853137105703354,1.4919828176498413
68.478,0.017853137105703354,1.4919828176498413
68.511,0.017853137105703354,1.4919828176498413
68.545,0.017853137105703354,1.4919828176498413
68.578,0.017853137105703354,1.4919828176498413
68.611,0.017853137105703354,1.4919828176498413
68.646,-0.09870024770498276,4.142436981201172
68.678,-0.09870024770498276,4.142436981201172
68.711,-0.09870024770498276,4.142436981201172
68.745,-0.09870024770498276,4.142436981201172
68.778,-0.09870024770498276,4.142436981201172
68.811,-0.09870024770498276,4.142436981201172
68.845,-0.09870024770498276,4.142436981201172
68.878,-0.09870024770498276,4.142436981201172
68.911,-0.09870024770498276,4.142436981201172
68.945,-0.09870024770498276,4.142436981201172
68.978,-0.09870024770498276,4.142436981201172
69.011,-0.09870024770498276,4.142436981201172
69.045,-0.09870024770498276,4.142436981201172
69.078,-0.09870024770498276,4.142436981201172
69.111,-0.09870024770498276,4.142436981201172
69.145,-0.09870024770498276,4.142436981201172
69.178,-0.09870024770498276,4.142436981201172
69.211,-0.09870024770498276,4.142436981201172
69.245,-0.09870024770498276,4.142436981201172
69.278,-0.09870024770498276,4.142436981201172
69.311,-0.09870024770498276,4.142436981201172
69.345,-0.09870024770498276,4.142436981201172
69.378,-0.09870024770498276,4.142436981201172
69.411,-0.09870024770498276,4.142436981201172
69.445,-0.09870024770498276,4.142436981201172
69.478,-0.09870024770498276,4.142436981201172
69.511,-0.09870024770498276,4.142436981201172
69.545,-0.09870024770498276,4.142436981201172
69.578,-0.09870024770498276,4.142436981201172
69.611,-0.09870024770498276,4.142436981201172
69.645,-0.09870024770498276,4.142436981201172
69.678,-0.09870024770498276,4.142436981201172
69.711,-0.09870024770498276,4.142436981201172
69.745,-0.09870024770498276,4.142436981201172
69.778,-0.09870024770498276,4.142436981201172
69.811,-0.09870024770498276,4.142436981201172
69.845,-0.09870024770498276,4.142436981201172
69.878,-0.09870024770498276,4.142436981201172
69.911,-0.09870024770498276,4.142436981201172
69.945,-0.09870024770498276,4.142436981201172
69.978,-0.09870024770498276,4.142436981201172
70.011,-0.09870024770498276,4.142436981201172
70.045,-0.09870024770498276,4.142436981201172
70.078,-0.09870024770498276,4.142436981201172
70.111,-0.09870024770498276,4.142436981201172
70.145,-0.09870024770498276,4.142436981201172
70.178,-0.09870024770498276,4.142436981201172
70.211,-0.09870024770498276,4.142436981201172
70.245,-0.09870024770498276,4.142436981201172
70.278,-0.09870024770498276,4.142436981201172
70.311,-0.09870024770498276,4.142436981201172
70.345,-0.09870024770498276,4.142436981201172
70.378,-0.09870024770498276,4.142436981201172
70.411,-0.09870024770498276,4.142436981201172
70.445,-0.09870024770498276,4.142436981201172
70.478,-0.09870024770498276,4.142436981201172
70.511,-0.09870024770498276,4.142436981201172
70.545,-0.09870024770498276,4.142436981201172
70.578,-0.09870024770498276,4.142436981201172
70.611,-0.09870024770498276,4.142436981201172
70.645,-0.09870024770498276,4.142436981201172
70.678,-0.09870024770498276,4.142436981201172
70.711,-0.09870024770498276,4.142436981201172
70.745,-0.09870024770498276,4.142436981201172
